コード,名称,フリガナ,単位,入数,規格・型番,色,サイズ,数量小数桁,単価小数桁,在庫管理,課税区分,発注ロット,リードタイム,在庫適正数,在庫評価方法,主たる仕入先,標準品質,主たる倉庫,倉庫名,発注連動,分類１,分類１名,分類２,分類２名,分類３,分類３名,分類４,分類４名,分類５,数単位,メモ欄,税抜上代,税抜売上単価１,税抜売上単価２,税抜売上単価３,税抜売上単価４,税抜売上原価,税抜仕入単価,税抜標準原価,税込上代,税込売上単価１,税込売上単価２,税込売上単価３,税込売上単価４,税込売上原価,税込仕入単価,税込標準原価,参照表示,更新日
N/091AA,撚糸賃:091AA:TAC.W<84T> DL 75/ 20 Z(ｿｳｼ) LOWSPD,WSPD,K,0,1530,,147,2,2,在庫管理を行わない,課税,0,0,0,月別総平均,SFN,11,SFN,,非対象,N,,,,,,N/2,,,,,400,333,285.7,250,222.2,200,200,200,,,,,,,,,表示する,
N/103LA,撚糸賃:103LA:ﾃｨﾌｨｺTW<110T>SD100/24(20) / Z(70ﾟC30),70ﾟC30),K,0,2850,,103,2,2,在庫管理を行わない,課税,0,0,0,月別総平均,SFN,11,SFN,,非対象,N,,,,,,N/2,,,,,360,300,257.1,225,200,180,180,180,,,,,,,,,表示する,
N/111RA,撚糸賃:111RA:ﾃｨﾌｨｺTW<167T>SD150/48Z(20) / (70ﾟC30),70ﾟC30),K,0,2420,,154,2,2,在庫管理を行わない,課税,0,0,0,月別総平均,SFN,11,SFN,,非対象,N,,,,,,N/2,,,,,250,208,178.6,156.3,138.9,125,125,125,,,,,,,,,表示する,
N/124WA,撚糸賃:124WA:ﾄｰﾚTW(915)<167T> BR 150/ 48 Zｾｯﾄ70ﾟC30,ｯﾄ70ﾟC30,K,0,2420,,153,2,2,在庫管理を行わない,課税,0,0,0,月別総平均,SFN,11,SFN,,非対象,N,,,,,,N/2,,,,,340,283,242.9,212.5,188.9,170,170,170,,,,,,,,,表示する,
N/182LA,撚糸賃:182LA:ﾅﾝﾔT.POYW<128T>SD115/36M8391 / Z, Z,K,0,3250,,86,2,2,在庫管理を行わない,課税,0,0,0,月別総平均,SFN,11,SFN,,非対象,N,,,,,,N/2,,,,,320,267,228.6,200,177.8,160,160,160,,,,,,,,,表示する,
N/187TA,撚糸賃:187TA:ｻﾗｸｰﾙPOYW<280T>(X20) FD 250/ 48 Z (178D),8 Z (178D),K,0,2300,,180,2,2,在庫管理を行わない,課税,0,0,0,月別総平均,SFN,11,SFN,,非対象,N,,,,,,N/2,,,,,260,217,185.7,162.5,144.4,130,130,130,,,,,,,,,表示する,
N/187US,撚糸賃:187US:ｻﾗｸｰﾙPOYW<280T>(X20) FD 250/ 48 S (178D),8 S (178D),K,0,2300,,180,2,2,在庫管理を行わない,課税,0,0,0,月別総平均,SFN,11,SFN,,非対象,N,,,,,,N/2,,,,,260,217,185.7,162.5,144.4,130,130,130,,,,,,,,,表示する,
N/189DA,撚糸賃:189DA:ﾅﾝﾔT.POYW<255T> SD 230/ 48 Z(176D),76D),K,0,2420,,176,2,2,在庫管理を行わない,課税,0,0,0,月別総平均,SFN,11,SFN,,非対象,N,,,,,,N/2,,,,,240,200,171.4,150,133.3,120,120,120,,,,,,,,,表示する,
N/202DA,撚糸賃:202DA:ﾅﾝﾔCD(SDY)W<84T> SD 75/ 36 Z (ｿｳｼ) LOT: 8C369,ｿｳｼ) LOT: 8C369,K,0,3050,,151,2,2,在庫管理を行わない,課税,0,0,0,月別総平均,SFN,11,SFN,,非対象,N,,,,,,N/2,,,,,320,267,228.6,200,177.8,160,160,160,,,,,,,,,表示する,
N/202EA,撚糸賃:202EA:ﾅﾝﾔCD(SDY)W<84T> SD 75/ 36 Z (ｿｳｼ) LOT:8C375,ｿｳｼ) LOT:8C375,K,0,3050,,151,2,2,在庫管理を行わない,課税,0,0,0,月別総平均,SFN,11,SFN,,非対象,N,,,,,,N/2,,,,,320,267,228.6,200,177.8,160,160,160,,,,,,,,,表示する,
N/205CA,撚糸賃:205CA:ﾄｰﾚN66.W <78T> SD 70/ 24 Z (1205),05),K,0,3050,,70,2,2,在庫管理を行わない,課税,0,0,0,月別総平均,SFN,11,SFN,,非対象,N,,,,,,N/2,,,,,500,417,357.1,312.5,277.8,250,250,250,,,,,,,,,表示する,
N/256JA,撚糸賃:256JA:ﾅﾝﾔCDF(SDY)84TSD75/36(8C361) ﾅﾝﾔCDPOYF140TSD/36(MC349) / ﾄﾞｳｶﾘ,ﾝﾔCDPOYF140TSD/36(MC349) / ﾄﾞｳｶﾘ,K,0,2110,,206,2,2,在庫管理を行わない,課税,0,0,0,月別総平均,SFN,11,SFN,,非対象,N,,,,,,N/2,,,,,400,333,285.7,250,222.2,200,200,200,,,,,,,,,表示する,
N/256NA,撚糸賃:256NA:ﾅﾝﾔCDF(SDY)84TSD75/36(8C373) ﾅﾝﾔCDPOYF140TSD/36(MC361) / ﾄﾞｳｶﾘ,ﾝﾔCDPOYF140TSD/36(MC361) / ﾄﾞｳｶﾘ,K,0,2110,,202,2,2,在庫管理を行わない,課税,0,0,0,月別総平均,SFN,11,SFN,,非対象,N,,,,,,N/2,,,,,260,217,185.7,162.5,144.4,130,130,130,,,,,,,,,表示する,
N/256QA,撚糸賃:256QA:ﾅﾝﾔCDF(SDY)84TSD75/36(8C379) ﾅﾝﾔCDPOYF140TSD/36(MC369) / ﾄﾞｳｶﾘ,ﾝﾔCDPOYF140TSD/36(MC369) / ﾄﾞｳｶﾘ,K,0,2110,,202,2,2,在庫管理を行わない,課税,0,0,0,月別総平均,SFN,11,SFN,,非対象,N,,,,,,N/2,,,,,260,217,185.7,162.5,144.4,130,130,130,,,,,,,,,表示する,
N/262PA,撚糸賃:262PA:ﾅﾝﾔT.POYF<255T>SD230/48 ﾅﾝﾔCDPOYF140TSD/36(MC361) 292/ 84 ﾄﾞｳｶﾘ,OYF140TSD/36(MC361) 292/ 84 ﾄﾞｳｶﾘ,K,0,1700,,292,2,2,在庫管理を行わない,課税,0,0,0,月別総平均,SFN,11,SFN,,非対象,N,,,,,,N/2,,,,,240,200,171.4,150,133.3,120,120,120,,,,,,,,,表示する,
N/262QA,撚糸賃:262QA:ﾅﾝﾔT.POYF<255T>SD230/48 ﾅﾝﾔCDPOYF140TSD/36(MC369) 292/ 84 ﾄﾞｳｶﾘ,OYF140TSD/36(MC369) 292/ 84 ﾄﾞｳｶﾘ,K,0,1700,,292,2,2,在庫管理を行わない,課税,0,0,0,月別総平均,SFN,11,SFN,,非対象,N,,,,,,N/2,,,,,240,200,171.4,150,133.3,120,120,120,,,,,,,,,表示する,
N/264KA,撚糸賃:264KA:T600EB<83T>SD75/36 ﾅﾝﾔｴｺPOYｹﾐｶﾙ278TSD/48(M96D9) / ﾄﾞｳｶﾘ ｱﾙﾐﾉﾐ,ﾙ278TSD/48(M96D9) / ﾄﾞｳｶﾘ ｱﾙﾐﾉﾐ,K,0,1700,,334,2,2,在庫管理を行わない,課税,0,0,0,月別総平均,SFN,11,SFN,,非対象,N,,,,,,N/2,,,,,240,200,171.4,150,133.3,120,120,120,,,,,,,,,表示する,
N/270MA,撚糸賃:270MA:ﾅﾝﾔCDF(SDY)84TSD75/36(8C375) ﾅﾝﾔCDPOYF<280T>SD250/48 / ﾄﾞｳｶﾘ,ﾝﾔCDPOYF<280T>SD250/48 / ﾄﾞｳｶﾘ,K,0,1700,,325,2,2,在庫管理を行わない,課税,0,0,0,月別総平均,SFN,11,SFN,,非対象,N,,,,,,N/2,,,,,280,233,200,175,155.6,140,140,140,,,,,,,,,表示する,
N/270NA,撚糸賃:270NA:ﾅﾝﾔCDF(SDY)84TSD75/36(8C379) ﾅﾝﾔCDPOYF<280T>SD250/48 / ﾄﾞｳｶﾘ,ﾝﾔCDPOYF<280T>SD250/48 / ﾄﾞｳｶﾘ,K,0,1700,,325,2,2,在庫管理を行わない,課税,0,0,0,月別総平均,SFN,11,SFN,,非対象,N,,,,,,N/2,,,,,280,233,200,175,155.6,140,140,140,,,,,,,,,表示する,
N/278KA,撚糸賃:278KA:ﾃｨﾌｨｺTF<84T>SD75/24(03F) ﾅﾝﾔｴｺPOYｹﾐｶﾙ278TSD/48(M96D9) / ﾄﾞｳｶﾘ ｱﾙﾐﾉﾐ,POYｹﾐｶﾙ278TSD/48(M96D9) / ﾄﾞｳｶﾘ ｱﾙﾐﾉﾐ,K,0,1700,,335,2,2,在庫管理を行わない,課税,0,0,0,月別総平均,SFN,11,SFN,,非対象,N,,,,,,N/2,,,,,240,200,171.4,150,133.3,120,120,120,,,,,,,,,表示する,
N/293RA,撚糸賃:293RA:ﾅﾝﾔT.POYF<255T>SD230/48 ﾅﾝﾔCDPOYF140TSD/36(MC361) 292/ 84 ﾄﾞｳｶﾘ SA-2,OYF140TSD/36(MC361) 292/ 84 ﾄﾞｳｶﾘ SA-2,K,0,1,,292,2,2,在庫管理を行わない,課税,0,0,0,月別総平均,SFN,11,SFN,,非対象,N,,,,,,N/6,,,,,240,200,171.4,150,133.3,120,120,120,,,,,,,,,表示する,
N/293TA,撚糸賃:293TA:ﾅﾝﾔT.POYF<255T>SD230/48 ﾅﾝﾔCDPOYF140TSD/36(MC369) 292/ 84 ﾄﾞｳｶﾘ SA-2,OYF140TSD/36(MC369) 292/ 84 ﾄﾞｳｶﾘ SA-2,K,0,1,,292,2,2,在庫管理を行わない,課税,0,0,0,月別総平均,SFN,11,SFN,,非対象,N,,,,,,N/6,,,,,240,200,171.4,150,133.3,120,120,120,,,,,,,,,表示する,
N/320GA,撚糸賃:320GA:ﾃ.TF<167T>SD150/48(20F) ﾅﾝﾔT.POY<255T>SD230/48 / ﾄﾞｳｶﾘ,OY<255T>SD230/48 / ﾄﾞｳｶﾘ,K,0,1620,,380,2,2,在庫管理を行わない,課税,0,0,0,月別総平均,SFN,11,SFN,,非対象,N,,,,,,N/2,,,,,240,200,171.4,150,133.3,120,120,120,,,,,,,,,表示する,
N/342BA,撚糸賃:342BA:ｴｱﾛｶﾌﾟｾﾙW<110T> FD 100/ 24 Z (LS),LS),K,0,2850,,103,2,2,在庫管理を行わない,課税,0,0,0,月別総平均,SFN,11,SFN,,非対象,N,,,,,,N/4,,,,,500,417,357.1,312.5,277.8,250,250,250,,,,,,,,,表示する,
N/353MA,撚糸賃:353MA:ﾃｨﾌｨｺTF<110T>SD100/48(20) KB.CDF<84T>SD75/24 / ﾄﾞｳｶﾘMO LS,DF<84T>SD75/24 / ﾄﾞｳｶﾘMO LS,K,0,2440,,179,2,2,在庫管理を行わない,課税,0,0,0,月別総平均,SFN,11,SFN,,非対象,N,,,,,,N/4,,,,,300,250,214.3,187.5,166.7,150,150,150,,,,,,,,,表示する,
N/353VA,撚糸賃:353VA:ﾃｨﾌｨｺTF<110T>SD100/48(20) KB.CDF<84T>SD75/24(LOT54) / ﾄﾞｳｶﾘMO LS,DF<84T>SD75/24(LOT54) / ﾄﾞｳｶﾘMO LS,K,0,2440,,179,2,2,在庫管理を行わない,課税,0,0,0,月別総平均,SFN,11,SFN,,非対象,N,,,,,,N/4,,,,,300,250,214.3,187.5,166.7,150,150,150,,,,,,,,,表示する,
N/371WA,撚糸賃:371WA:PPT.W<165T>BR147/68Z (1T107) / LS, LS,K,0,2550,,160,2,2,在庫管理を行わない,課税,0,0,0,月別総平均,SFN,11,SFN,,非対象,N,,,,,,N/4,,,,,300,250,214.3,187.5,166.7,150,150,150,,,,,,,,,表示する,
N/404AA,撚糸賃:404AA:PR.ﾅﾝﾔｴｺPOY<278T>SD250/48 X ﾅﾝﾔCDF<84T>SD75/36(8C367) 353/ 84 ｾｯﾄ85ﾟC30',ﾔCDF<84T>SD75/36(8C367) 353/ 84 ｾｯﾄ85ﾟC3,K,0,1700,,353,2,2,在庫管理を行わない,課税,0,0,0,月別総平均,SFN,11,SFN,,非対象,N,,,,,,N/2,,,,,440,367,314.3,275,244.4,220,220,220,,,,,,,,,表示する,
N/404BA,撚糸賃:404BA:PR.ﾅﾝﾔｴｺPOY<278T>SD250/48 X ﾅﾝﾔCDF<84T>SD75/36(8C375) 353/ 84 ｾｯﾄ85ﾟC30,ﾔCDF<84T>SD75/36(8C375) 353/ 84 ｾｯﾄ85ﾟC3,K,0,1700,,353,2,2,在庫管理を行わない,課税,0,0,0,月別総平均,SFN,11,SFN,,非対象,N,,,,,,N/2,,,,,400,333,285.7,250,222.2,200,200,200,,,,,,,,,表示する,
N/430GA,撚糸賃:430GA:PA.ﾃｨﾌｨｺTF<110T>SD100/24(20) X TAC<84T>BR75/20(LP9) 248/ 44 ｾｯﾄ85ﾟC30, TAC<84T>BR75/20(LP9) 248/ 44 ｾｯﾄ85ﾟC30,K,0,2160,,248,2,2,在庫管理を行わない,課税,0,0,0,月別総平均,SFN,11,SFN,,非対象,N,,,,,,N/2,,,,,360,300,257.1,225,200,180,180,180,,,,,,,,,表示する,
N/430HA,撚糸賃:430HA:PA.ﾃｨﾌｨｺTF<110T>SD100/24(20) X TAC(ES)<84T>BR75/20(LP9) 248/ 44 ｾｯﾄ85ﾟC30, TAC(ES)<84T>BR75/20(LP9) 248/ 44 ｾｯﾄ85ﾟ,K,0,2160,,248,2,2,在庫管理を行わない,課税,0,0,0,月別総平均,SFN,11,SFN,,非対象,N,,,,,,N/2,,,,,360,300,257.1,225,200,180,180,180,,,,,,,,,表示する,
N/432EA,撚糸賃:432EA:PA.ﾃｨﾌｨｺTF<110T>SD100/24 X TAC<167T>BR150/40 380/ 64 ST5ｶｲ 85ﾟC,<167T>BR150/40 380/ 64 ST5ｶｲ 85ﾟC,K,0,1970,,381,2,2,在庫管理を行わない,課税,0,0,0,月別総平均,SFN,11,SFN,,非対象,N,,,,,,N/2,,,,,420,350,300,262.5,233.3,210,210,210,,,,,,,,,表示する,
N/432FA,撚糸賃:432FA:PA.ﾃｨﾌｨｺTF<110T>SD100/24(20) X TAC<167T>BR150/40 380/ 64 ST5ｶｲ 85ﾟC, TAC<167T>BR150/40 380/ 64 ST5ｶｲ 85ﾟC,K,0,1970,,381,2,2,在庫管理を行わない,課税,0,0,0,月別総平均,SFN,11,SFN,,非対象,N,,,,,,N/2,,,,,340,283,242.9,212.5,188.9,170,170,170,,,,,,,,,表示する,
N/432GA,撚糸賃:432GA:PA.ﾃｨﾌｨｺTF<110T>SD100/24(20) X TAC(ES)<167T>BR150/40 380/ 64 ST5ｶｲ 85ﾟC, TAC(ES)<167T>BR150/40 380/ 64 ST5ｶｲ 85ﾟ,K,0,1970,,381,2,2,在庫管理を行わない,課税,0,0,0,月別総平均,SFN,11,SFN,,非対象,N,,,,,,N/2,,,,,360,300,257.1,225,200,180,180,180,,,,,,,,,表示する,
N/461BA,撚糸賃:461BA:LPA.ﾄｰﾚTF<84T>SD75/36(215) X TAC(ES)<84T>BR75/20(LP9) 220/ 56 ｾｯﾄ70ﾟC30',AC(ES)<84T>BR75/20(LP9) 220/ 56 ｾｯﾄ70ﾟC3,K,0,2360,,220,2,2,在庫管理を行わない,課税,0,0,0,月別総平均,SFN,11,SFN,,非対象,N,,,,,,N/2,,,,,360,300,257.1,225,200,180,180,180,,,,,,,,,表示する,
N/507JA,撚糸賃:507JA:ﾃｨﾌｨｺTW<110T>SD100/24(20) / Z300WMｻｷﾖﾘ,00WMｻｷﾖﾘ,K,0,2850,,103,2,2,在庫管理を行わない,課税,0,0,0,月別総平均,SFN,11,SFN,,非対象,N,,,,,,N/2,,,,,300,250,214.3,187.5,166.7,150,150,150,,,,,,,,,表示する,
N/507KA,撚糸賃:507KA:ﾃ.TW<110T>ｲﾀｸｻｷﾖﾘ(ｼﾞﾖﾘ) SD 100/ 24 Z300WMｻｷﾖﾘ,/ 24 Z300WMｻｷﾖﾘ,K,0,2850,,103,2,2,在庫管理を行わない,課税,0,0,0,月別総平均,SFN,11,SFN,,非対象,N,,,,,,N/2,,,,,300,250,214.3,187.5,166.7,150,150,150,,,,,,,,,表示する,
N/508AA,撚糸賃:508AA:ﾃｨﾌｨｺTW<56T> SD 50/ 24 Z300WMｻｷﾖﾘ,ｷﾖﾘ,K,0,3950,,52,2,2,在庫管理を行わない,課税,0,0,0,月別総平均,SFN,11,SFN,,非対象,N,,,,,,N/2,,,,,700,583,500,437.5,388.9,350,350,350,,,,,,,,,表示する,
N/552CA,撚糸賃:552CA:ﾃｨﾌｨｺTF<84T>SD75/24(03F) ﾅﾝﾔT.POYF<128T>SD115/36ﾄﾞｳｶﾘ / ｱﾙﾐﾉﾐ,POYF<128T>SD115/36ﾄﾞｳｶﾘ / ｱﾙﾐﾉﾐ,K,0,2170,,196,2,2,在庫管理を行わない,課税,0,0,0,月別総平均,SFN,11,SFN,,非対象,N,,,,,,N/2,,,,,280,233,200,175,155.6,140,140,140,,,,,,,,,表示する,
N/558CA,撚糸賃:558CA:ﾄｰﾚTF<84T>SD75/36(215) ﾅﾝﾔT.POY<255T>SD230/48ﾄﾞｳｶﾘ / ｾｯﾄ70ﾟC30 ｱﾙﾐﾉﾐ,Y<255T>SD230/48ﾄﾞｳｶﾘ / ｾｯﾄ70ﾟC30 ｱﾙﾐﾉﾐ,K,0,1700,,314,2,2,在庫管理を行わない,課税,0,0,0,月別総平均,SFN,11,SFN,,非対象,N,,,,,,N/2,,,,,280,233,200,175,155.6,140,140,140,,,,,,,,,表示する,
N/570AA,撚糸賃:570AA:KB.CDF<84T>SD75/24 ﾅﾝﾔT.POYF128TSD115/36(M8391) / ﾄﾞｳｶﾘ,8TSD115/36(M8391) / ﾄﾞｳｶﾘ,K,0,2170,,193,2,2,在庫管理を行わない,課税,0,0,0,月別総平均,SFN,11,SFN,,非対象,N,,,,,,N/2,,,,,300,250,214.3,187.5,166.7,150,150,150,,,,,,,,,表示する,
N/579AA,撚糸賃:579AA:KB.CDF<84T>SD75/24 ﾅﾝﾔCDPOYF<140T>SD125/36 / ﾄﾞｳｶﾘMOLS,40T>SD125/36 / ﾄﾞｳｶﾘMOLS,K,0,2100,,206,2,2,在庫管理を行わない,課税,0,0,0,月別総平均,SFN,11,SFN,,非対象,N,,,,,,N/4,,,,,400,333,285.7,250,222.2,200,200,200,,,,,,,,,表示する,
N/579FA,撚糸賃:579FA:KB.CDF<84T>SD75/24 ﾅﾝﾔCDPOYF140TSD/36(MC361) / ﾄﾞｳｶﾘMOLS,0TSD/36(MC361) / ﾄﾞｳｶﾘMOLS,K,0,2100,,206,2,2,在庫管理を行わない,課税,0,0,0,月別総平均,SFN,11,SFN,,非対象,N,,,,,,N/4,,,,,320,267,228.6,200,177.8,160,160,160,,,,,,,,,表示する,
N/581AA,撚糸賃:581AA:Z10F<56T>SD50/12(B13) ﾅﾝﾔT.POYF<128T>SD115/36 / ﾄﾞｳｶﾘ MOLS,F<128T>SD115/36 / ﾄﾞｳｶﾘ MOLS,K,0,2440,,170,2,2,在庫管理を行わない,課税,0,0,0,月別総平均,SFN,11,SFN,,非対象,N,,,,,,N/4,,,,,440,367,314.3,275,244.4,220,220,220,,,,,,,,,表示する,
N/581BA,撚糸賃:581BA:Z10F<56T>SD50/12(B13) ﾅﾝﾔT.POYF128TSD115/36(M8391) / ﾄﾞｳｶﾘ MOLS,F128TSD115/36(M8391) / ﾄﾞｳｶﾘ MOLS,K,0,2440,,170,2,2,在庫管理を行わない,課税,0,0,0,月別総平均,SFN,11,SFN,,非対象,N,,,,,,N/4,,,,,440,367,314.3,275,244.4,220,220,220,,,,,,,,,表示する,
N/582JA,撚糸賃:582JA:ﾄｰﾚTW167TBR150/48Z(915)ｾｯﾄ/4 ﾅ.CDSDYW84TSD/36Zｿｳｼ8C369/2 / SA-1,.CDSDYW84TSD/36Zｿｳｼ8C369/2 / SA-1,K,0,1,,927,2,2,在庫管理を行わない,課税,0,0,0,月別総平均,SFN,11,SFN,,非対象,N,,,,,,N/5,,,,,240,200,171.4,150,133.3,120,120,120,,,,,,,,,表示する,
N/582KA,撚糸賃:582KA:ﾄｰﾚTW167TBR150/48Z(915)ｾｯﾄ/4 ﾅ.CDSDYW84TSD/36Zｿｳｼ8C375/2 / SA-1,.CDSDYW84TSD/36Zｿｳｼ8C375/2 / SA-1,K,0,1,,927,2,2,在庫管理を行わない,課税,0,0,0,月別総平均,SFN,11,SFN,,非対象,N,,,,,,N/5,,,,,240,200,171.4,150,133.3,120,120,120,,,,,,,,,表示する,
N/683AA,撚糸賃:683AA:TW <330T>SD300/96 3ﾎﾝ Z150 ｻｷｿﾞﾒ(C/#SFBLKｸﾛ) /,ﾞﾒ(C/#SFBLKｸﾛ) /,K,0,1,,900,2,2,在庫管理を行わない,課税,0,0,0,月別総平均,SFN,11,SFN,,非対象,N,,,,,,N/7,,,,,2,2,1.4,1.3,1.1,1,1,1,,,,,,,,,表示する,
N/A0221,撚糸賃:A0221:DTY.CDW<167T>SD150/48 :<Z150>G : :, : :,K,0,150,,150,2,2,在庫管理を行わない,課税,0,0,0,月別総平均,SFN,11,SFN,,非対象,N,,,,,,N/G,,,,,244,203,174.3,152.5,135.6,122,122,122,,,,,,,,,表示する,
N/A0241,撚糸賃:A0241:DTY.CDW<167T>SD150/48 :/2<Z150>WS : :,>WS : :,K,0,150,,300,2,2,在庫管理を行わない,課税,0,0,0,月別総平均,SFN,11,SFN,,非対象,N,,,,,,N/WS,,,,,244,203,174.3,152.5,135.6,122,122,122,,,,,,,,,表示する,
N/A0265,撚糸賃:A0265:CDMIXWSD150/72(ｷｮｳｲﾝﾀｰ):<Z600>WS : :,WS : :,K,0,600,,150,2,2,在庫管理を行わない,課税,0,0,0,月別総平均,SFN,11,SFN,,非対象,N,,,,,,N/WS,,,,,400,333,285.7,250,222.2,200,200,200,,,,,,,,,表示する,
N/A0341,撚糸賃:A0341:T/CD.MIXW<167T>SD150/72:<Z150>G : :,G : :,K,0,150,,150,2,2,在庫管理を行わない,課税,0,0,0,月別総平均,SFN,11,SFN,,非対象,N,,,,,,N/G,,,,,244,203,174.3,152.5,135.6,122,122,122,,,,,,,,,表示する,
N/A0361,撚糸賃:A0361:T/CD.MIXW<167T>SD150/72:/2<Z150>WS : :,0>WS : :,K,0,150,,300,2,2,在庫管理を行わない,課税,0,0,0,月別総平均,SFN,11,SFN,,非対象,N,,,,,,N/WS,,,,,244,203,174.3,152.5,135.6,122,122,122,,,,,,,,,表示する,
N/A0385,撚糸賃:A0385:CDMIXWSD300/96(ｷｮｳｲﾝﾀｰ):CDMIXWSD150/72(ｷｮｳｲﾝﾀｰ) :<Z600>WS :,SD150/72(ｷｮｳｲﾝﾀｰ) :<Z600>WS :,K,0,600,,450,2,2,在庫管理を行わない,課税,0,0,0,月別総平均,SFN,11,SFN,,非対象,N,,,,,,N/WS,,,,,400,333,285.7,250,222.2,200,200,200,,,,,,,,,表示する,
N/A0401,撚糸賃:A0401:EWSD150/48 Z100T/M G : : :,,K,0,100,,150,2,2,在庫管理を行わない,課税,0,0,0,月別総平均,SFN,11,SFN,,非対象,N,,,,,,N/GK,,,,,240,200,171.4,150,133.3,120,120,120,,,,,,,,,表示する,
N/A0634,撚糸賃:A0634:CDW(ｼﾞｬｸIL)167TBR150/48:(Q31) Z400 WM : :,Z400 WM : :,K,0,400,,155,2,2,在庫管理を行わない,課税,0,0,0,月別総平均,SFN,11,SFN,,非対象,N,,,,,,N/WM,,,,,300,250,214.3,187.5,166.7,150,150,150,,,,,,,,,表示する,
N/A0901,撚糸賃:A0901:TW(DTY)<167T>BB150/36 :(ｻｷｿﾞﾒSFTBLﾀﾝﾌﾞﾙｰ)<Z150>G: :,FTBLﾀﾝﾌﾞﾙｰ)<Z150>G: :,K,0,150,,170,2,2,在庫管理を行わない,課税,0,0,0,月別総平均,SFN,11,SFN,,非対象,N,,,,,,N/G,,,,,400,333,285.7,250,222.2,200,200,200,,,,,,,,,表示する,
N/A0911,撚糸賃:A0911:TW(DTY)<167T>BB150/36 :ｻｷｿﾞﾒSFTGRﾀﾝｸﾞﾘｰﾝ<Z150>G : :,TGRﾀﾝｸﾞﾘｰﾝ<Z150>G : :,K,0,150,,170,2,2,在庫管理を行わない,課税,0,0,0,月別総平均,SFN,11,SFN,,非対象,N,,,,,,N/G,,,,,400,333,285.7,250,222.2,200,200,200,,,,,,,,,表示する,
N/A0921,撚糸賃:A0921:TW(DTY)<167T>BB150/36 :(ｻｷｿﾞﾒSFTSVｼﾙﾊﾞｰ)<Z150>G : :,FTSVｼﾙﾊﾞｰ)<Z150>G : :,K,0,150,,170,2,2,在庫管理を行わない,課税,0,0,0,月別総平均,SFN,11,SFN,,非対象,N,,,,,,N/G,,,,,400,333,285.7,250,222.2,200,200,200,,,,,,,,,表示する,
N/A0931,撚糸賃:A0931:TW(DTY)<167T>BB150/36 :(ｻｷｿﾞﾒSFTDGｸﾞﾚｰ)<Z150>G : :,FTDGｸﾞﾚｰ)<Z150>G : :,K,0,150,,170,2,2,在庫管理を行わない,課税,0,0,0,月別総平均,SFN,11,SFN,,非対象,N,,,,,,N/G,,,,,400,333,285.7,250,222.2,200,200,200,,,,,,,,,表示する,
N/A0968,撚糸賃:A0968:TW(DTY)SD300/96/2S250/3:(ｻｷｿﾞﾒSFBL-2ﾌﾞﾙｰ)<Z150>G : :,SFBL-2ﾌﾞﾙｰ)<Z150>G : :,K,0,150,,2010,2,2,在庫管理を行わない,課税,0,0,0,月別総平均,SFN,11,SFN,,非対象,N,,,,,,N/G,,,,,400,333,285.7,250,222.2,200,200,200,,,,,,,,,表示する,
N/A0988,撚糸賃:A0988:TW(DTY)SD300/96/2S250/3:(ｻｷｿﾞﾒSFGR-2ｸﾞﾘｰﾝ)<Z150>G: :,SFGR-2ｸﾞﾘｰﾝ)<Z150>G: :,K,0,150,,2010,2,2,在庫管理を行わない,課税,0,0,0,月別総平均,SFN,11,SFN,,非対象,N,,,,,,N/G,,,,,400,333,285.7,250,222.2,200,200,200,,,,,,,,,表示する,
N/A1008,撚糸賃:A1008:TW(DTY)SD300/96/2S250/3:(ｻｷｿﾞﾒSFSV-3ｼﾙﾊﾞｰ)<Z150>G: :,SFSV-3ｼﾙﾊﾞｰ)<Z150>G: :,K,0,150,,2010,2,2,在庫管理を行わない,課税,0,0,0,月別総平均,SFN,11,SFN,,非対象,N,,,,,,N/G,,,,,400,333,285.7,250,222.2,200,200,200,,,,,,,,,表示する,
N/A1028,撚糸賃:A1028:TW(DTY)SD300/96/2S250/3:(ｻｷｿﾞﾒSFDG-2Dｸﾞﾚｰ)<Z150>G: :,SFDG-2Dｸﾞﾚｰ)<Z150>G: :,K,0,150,,2010,2,2,在庫管理を行わない,課税,0,0,0,月別総平均,SFN,11,SFN,,非対象,N,,,,,,N/G,,,,,400,333,285.7,250,222.2,200,200,200,,,,,,,,,表示する,
N/A1161,撚糸賃:A1161:CDWSD150/48(ｺｳｷｮｳﾄﾞ) :/6<Z150>G(120ﾟCX30) : :,G(120ﾟCX30) : :,K,0,150,,900,2,2,在庫管理を行わない,課税,0,0,0,月別総平均,SFN,11,SFN,,非対象,N,,,,,,N/GK,,,,,400,333,285.7,250,222.2,200,200,200,,,,,,,,,表示する,
N/A1206,撚糸賃:A1206:ｿﾛ(EKT)W<167T>SD150/72 :/2 <Z800>WS : :,00>WS : :,K,0,800,,300,2,2,在庫管理を行わない,課税,0,0,0,月別総平均,SFN,11,SFN,,非対象,N,,,,,,N/WS,,,,,500,417,357.1,312.5,277.8,250,250,250,,,,,,,,,表示する,
N/A1605,撚糸賃:A1605:ｻﾝｴﾂTW<330T>SD300/96 :(SY-SZ)<Z600>WS : :,Z600>WS : :,K,0,600,,300,2,2,在庫管理を行わない,課税,0,0,0,月別総平均,SFN,11,SFN,,非対象,N,,,,,,N/WS,,,,,400,333,285.7,250,222.2,200,200,200,,,,,,,,,表示する,
N/A1701,撚糸賃:A1701:ﾄｰﾚWARM<365T>SD325/96 :(SP18)/2<Z150>WS : :,2<Z150>WS : :,K,0,150,,650,2,2,在庫管理を行わない,課税,0,0,0,月別総平均,SFN,11,SFN,,非対象,N,,,,,,N/WS,,,,,400,333,285.7,250,222.2,200,200,200,,,,,,,,,表示する,
N/A2791,撚糸賃:A2791:ﾄｰﾚN66.W<78T>SD70/24Z :/2<Z150>G : :,>G : :,K,0,150,,144,2,2,在庫管理を行わない,課税,0,0,0,月別総平均,SFN,11,SFN,,非対象,N,,,,,,N/G,,,,,244,203,174.3,152.5,135.6,122,122,122,,,,,,,,,表示する,
N/A2814,撚糸賃:A2814:ﾄｰﾚN66.W<78T>SD70/24Z : /3<Z400>G : :,0>G : :,K,0,400,,216,2,2,在庫管理を行わない,課税,0,0,0,月別総平均,SFN,11,SFN,,非対象,N,,,,,,N/GK,,,,,600,500,428.6,375,333.3,300,300,300,,,,,,,,,表示する,
N/A2831,撚糸賃:A2831:ﾄｰﾚN66.W<78T>SD70/24Z :(1205) /4<Z150>G : :,/4<Z150>G : :,K,0,150,,288,2,2,在庫管理を行わない,課税,0,0,0,月別総平均,SFN,11,SFN,,非対象,N,,,,,,N/GK,,,,,500,417,357.1,312.5,277.8,250,250,250,,,,,,,,,表示する,
N/A3071,撚糸賃:A3071:TW<330T>SD300/96(TA-G) :/3 <Z150>WS : :,50>WS : :,K,0,150,,900,2,2,在庫管理を行わない,課税,0,0,0,月別総平均,SFN,11,SFN,,非対象,N,,,,,,N/WS,,,,,400,333,285.7,250,222.2,200,200,200,,,,,,,,,表示する,
N/A3181,撚糸賃:A3181:TW<167T>150/48 :(ｸﾛｹﾞﾝﾁｬｸ)/2<Z150>WS : :,150>WS : :,K,0,150,,300,2,2,在庫管理を行わない,課税,0,0,0,月別総平均,SFN,11,SFN,,非対象,N,,,,,,N/WS,,,,,240,200,171.4,150,133.3,120,120,120,,,,,,,,,表示する,
N/A5996,撚糸賃:A5996:ｻﾗｸｰﾙPOYW280TFD250/48S :(X20)(178D) S800 WM : :,178D) S800 WM : :,K,0,800,,178,2,2,在庫管理を行わない,課税,0,0,0,月別総平均,SFN,11,SFN,,非対象,N,,,,,,N/WM,,,,,460,383,328.6,287.5,255.6,230,230,230,,,,,,,,,表示する,
N/A6304,撚糸賃:A6304:ｻﾗｸｰﾙPOYW280TFD/Z(X20) :ﾅﾝﾔTW<56T>SD50/36 :<Z400>WS :,56T>SD50/36 :<Z400>WS :,K,0,400,,230,2,2,在庫管理を行わない,課税,0,0,0,月別総平均,SFN,11,SFN,,非対象,N,,,,,,N/WS,,,,,320,267,228.6,200,177.8,160,160,160,,,,,,,,,表示する,
N/A6468,撚糸賃:A6468:TAC.W84TDL75/ｿｳｼ :/2(S400)WS /2<Z400>WS : :,2<Z400>WS : :,K,0,400,,600,2,2,在庫管理を行わない,課税,0,0,0,月別総平均,SFN,11,SFN,,非対象,N,,,,,,N/WS,,,,,320,267,228.6,200,177.8,160,160,160,,,,,,,,,表示する,
N/A7596,撚糸賃:A7596:ｴｱﾛW<110T>FD100/24Z :(LS) S800 WM 7KRPM : :, WM 7KRPM : :,K,0,800,,103,2,2,在庫管理を行わない,課税,0,0,0,月別総平均,SFN,11,SFN,,非対象,N,,,,,,N/WM,,,,,500,417,357.1,312.5,277.8,250,250,250,,,,,,,,,表示する,
N/A7644,撚糸賃:A7644:TAC.W84TDL75/Z(ｿｳｼ) :/2 <S400>WS : :,WS : :,K,0,400,,300,2,2,在庫管理を行わない,課税,0,0,0,月別総平均,SFN,11,SFN,,非対象,N,,,,,,N/WS,,,,,400,333,285.7,250,222.2,200,200,200,,,,,,,,,表示する,
N/A8861,撚糸賃:A8861:ﾅﾝﾔｳｪｰﾌﾞW<84T>75/30 :/3<Z150>G : :, : :,K,0,150,,232,2,2,在庫管理を行わない,課税,0,0,0,月別総平均,SFN,11,SFN,,非対象,N,,,,,,N/G,,,,,400,333,285.7,250,222.2,200,200,200,,,,,,,,,表示する,
N/A9114,撚糸賃:A9114:ﾅﾝﾔｳｪｰﾌﾞW<84T>75/30 :/4<Z400>WS : :,S : :,K,0,400,,300,2,2,在庫管理を行わない,課税,0,0,0,月別総平均,SFN,11,SFN,,非対象,N,,,,,,N/WS,,,,,280,233,200,175,155.6,140,140,140,,,,,,,,,表示する,
N/A9664,撚糸賃:A9664:ﾅﾝﾔT.POYW255TSD230/48Z :Z400 WM : :,M : :,K,0,400,,170,2,2,在庫管理を行わない,課税,0,0,0,月別総平均,SFN,11,SFN,,非対象,N,,,,,,N/WM,,,,,300,250,214.3,187.5,166.7,150,150,150,,,,,,,,,表示する,
N/A9804,撚糸賃:A9804:ﾅﾝﾔT.POYW128TSD115/36Z :(M8391)S400 WM (85ﾟCX30) : :,)S400 WM (85ﾟCX30) : :,K,0,400,,86,2,2,在庫管理を行わない,課税,0,0,0,月別総平均,SFN,11,SFN,,非対象,N,,,,,,N/WM,,,,,272,227,194.3,170,151.1,136,136,136,,,,,,,,,表示する,
N/B0032,撚糸賃:B0032:ｵｰﾛﾗ(120ｷﾘ)88D S200 WS : : :,,K,0,200,,88,2,2,在庫管理を行わない,課税,0,0,0,月別総平均,SFN,11,SFN,,非対象,N,,,,,,N/WS,,,,,2000,1667,1428.6,1250,1111.1,1000,1000,1000,,,,,,,,,表示する,
N/B0152,撚糸賃:B0152:Tｷﾞﾝﾗﾒ<70T>120ｷﾘ(B2)62D:S200 WS : :,S : :,K,0,200,,62,2,2,在庫管理を行わない,課税,0,0,0,月別総平均,SFN,11,SFN,,非対象,N,,,,,,N/WS,,,,,2000,1667,1428.6,1250,1111.1,1000,1000,1000,,,,,,,,,表示する,
N/B0596,撚糸賃:B0596:TAC(MTX)<167T>BR150/40 :S800 WM : :,M : :,K,0,800,,150,2,2,在庫管理を行わない,課税,0,0,0,月別総平均,SFN,11,SFN,,非対象,N,,,,,,N/WM,,,,,464,387,331.4,290,257.8,232,232,232,,,,,,,,,表示する,
N/B0717,撚糸賃:B0717:T(ｹﾞﾝﾁｬｸ)SDYSD75/36H210:<S1000>WM : :,>WM : :,K,0,1000,,75,2,2,在庫管理を行わない,課税,0,0,0,月別総平均,SFN,11,SFN,,非対象,N,,,,,,N/WM,,,,,400,333,285.7,250,222.2,200,200,200,,,,,,,,,表示する,
N/B1375,撚糸賃:B1375:AC<84T>BR75/19(ｲｰｽﾄﾏﾝ) :<S650>WM : :,WM : :,K,0,650,,75,2,2,在庫管理を行わない,課税,0,0,0,月別総平均,SFN,11,SFN,,非対象,N,,,,,,N/WM,,,,,340,283,242.9,212.5,188.9,170,170,170,,,,,,,,,表示する,
N/B1705,撚糸賃:B1705:TAC(ES)<110T>BR100/26 :S600 WMｼｮｰﾄﾊﾟｰﾝ : :,ｼｮｰﾄﾊﾟｰﾝ : :,K,0,600,,100,2,2,在庫管理を行わない,課税,0,0,0,月別総平均,SFN,11,SFN,,非対象,N,,,,,,N/WM,,,,,500,417,357.1,312.5,277.8,250,250,250,,,,,,,,,表示する,
N/B1808,撚糸賃:B1808:TAC<135T>DL120/55(4R) :RF84TBR(ｲｰｸﾞﾚｯﾄ)Z1600ｲﾀﾘｰ:(RF=84D) <Z600>G+WS :,(ｲｰｸﾞﾚｯﾄ)Z1600ｲﾀﾘｰ:(RF=84D) <Z600>G+WS :,K,0,300,,197,2,2,在庫管理を行わない,課税,0,0,0,月別総平均,SFN,11,SFN,,非対象,N,,,,,,N/WS,,,,,400,333,285.7,250,222.2,200,200,200,,,,,,,,,表示する,
N/B1818,撚糸賃:B1818:TAC<135T>DL120/55(4R) :RF84TBR(ｲｰｸﾞﾚｯﾄ)S1600ｲﾀﾘｰ:(RF=84D) <S600>G+WS :,(ｲｰｸﾞﾚｯﾄ)S1600ｲﾀﾘｰ:(RF=84D) <S600>G+WS :,K,0,300,,197,2,2,在庫管理を行わない,課税,0,0,0,月別総平均,SFN,11,SFN,,非対象,N,,,,,,N/WS,,,,,400,333,285.7,250,222.2,200,200,200,,,,,,,,,表示する,
N/B1907,撚糸賃:B1907:BBF<56T>BR50/30 :Z2400 ｲﾀﾘｰ : :,:,K,0,2400,,50,2,2,在庫管理を行わない,課税,0,0,0,月別総平均,SFN,11,SFN,,非対象,N,,,,,,N/I,,,,,1000,833,714.3,625,555.6,500,500,500,,,,,,,,,表示する,
N/B1917,撚糸賃:B1917:BBF<56T>BR50/30 :S2400 ｲﾀﾘｰ : :,:,K,0,2400,,50,2,2,在庫管理を行わない,課税,0,0,0,月別総平均,SFN,11,SFN,,非対象,N,,,,,,N/I,,,,,700,583,500,437.5,388.9,350,350,350,,,,,,,,,表示する,
N/B1928,撚糸賃:B1928:ﾘﾝﾀﾞF<110T>BR100/26 :BB.F<56T>BR50/30Z2400ｲﾀﾘｰ:(BB=55D)<Z800>G+WS :,BR50/30Z2400ｲﾀﾘｰ:(BB=55D)<Z800>G+WS :,K,0,500,,155,2,2,在庫管理を行わない,課税,0,0,0,月別総平均,SFN,11,SFN,,非対象,N,,,,,,N/WS,,,,,400,333,285.7,250,222.2,200,200,200,,,,,,,,,表示する,
N/B1938,撚糸賃:B1938:ﾘﾝﾀﾞF<110T>BR100/26 :BB.F<56T>BR50/30S2400ｲﾀﾘｰ:(BB=55D)<S800>G+WS :,BR50/30S2400ｲﾀﾘｰ:(BB=55D)<S800>G+WS :,K,0,500,,155,2,2,在庫管理を行わない,課税,0,0,0,月別総平均,SFN,11,SFN,,非対象,N,,,,,,N/WS,,,,,400,333,285.7,250,222.2,200,200,200,,,,,,,,,表示する,
N/B2048,撚糸賃:B2048:RF<84T>BR75/30(ｲｰｸﾞﾚｯﾄ):BB.FBR50/30Z2400ｲﾀﾘｰ :<Z800>G+WS :,50/30Z2400ｲﾀﾘｰ :<Z800>G+WS :,K,0,500,,131,2,2,在庫管理を行わない,課税,0,0,0,月別総平均,SFN,11,SFN,,非対象,N,,,,,,N/WS,,,,,400,333,285.7,250,222.2,200,200,200,,,,,,,,,表示する,
N/B2058,撚糸賃:B2058:RF<84T>BR75/30(ｲｰｸﾞﾚｯﾄ):BB.FBR50/30S2400ｲﾀﾘｰ :<S800>G+WS :,50/30S2400ｲﾀﾘｰ :<S800>G+WS :,K,0,500,,131,2,2,在庫管理を行わない,課税,0,0,0,月別総平均,SFN,11,SFN,,非対象,N,,,,,,N/WS,,,,,400,333,285.7,250,222.2,200,200,200,,,,,,,,,表示する,
N/B2068,撚糸賃:B2068:BB.F<84T>BR75/45 :BB.FBR50/30Z2400ｲﾀﾘｰ :<Z800>G+WS :,2400ｲﾀﾘｰ :<Z800>G+WS :,K,0,,,,2,2,在庫管理を行わない,課税,0,0,0,月別総平均,SFN,11,SFN,,非対象,N,,,,,,,,,,,0,0,0,0,0,0,0,0,,,,,,,,,表示する,
N/B2078,撚糸賃:B2078:BB.F<84T>BR75/45 :BB.FBR50/30S2400ｲﾀﾘｰ :<S800>G+WS :,2400ｲﾀﾘｰ :<S800>G+WS :,K,0,,,,2,2,在庫管理を行わない,課税,0,0,0,月別総平均,SFN,11,SFN,,非対象,N,,,,,,,,,,,0,0,0,0,0,0,0,0,,,,,,,,,表示する,
N/B2083,撚糸賃:B2083:ﾃ.TW<110T>ｲﾀｸｻｷﾖﾘ(ｼﾞﾖﾘ):Z300 WM : :,M : :,K,0,300,,100,2,2,在庫管理を行わない,課税,0,0,0,月別総平均,SFN,11,SFN,,非対象,N,,,,,,N/WM,,,,,340,283,242.9,212.5,188.9,170,170,170,,,,,,,,,表示する,
N/B2093,撚糸賃:B2093:ﾃｨﾌｨｺTFSD100/24(20) :Z300 WM : :, :,K,0,300,,100,2,2,在庫管理を行わない,課税,0,0,0,月別総平均,SFN,11,SFN,,非対象,N,,,,,,N/WM,,,,,340,283,242.9,212.5,188.9,170,170,170,,,,,,,,,表示する,
N/B2163,撚糸賃:B2163:ﾃｨﾌｨｺTF<56T>SD50/24(ZF):Z300 WM : :,M : :,K,0,300,,50,2,2,在庫管理を行わない,課税,0,0,0,月別総平均,SFN,11,SFN,,非対象,N,,,,,,N/WM,,,,,460,383,328.6,287.5,255.6,230,230,230,,,,,,,,,表示する,
N/B2534,撚糸賃:B2534:TAC<220T>BR200/34 :Tﾌｨﾙﾑ(130ｷﾘ)42D <Z400>G : :,)42D <Z400>G : :,K,0,400,,234,2,2,在庫管理を行わない,課税,0,0,0,月別総平均,SFN,11,SFN,,非対象,N,,,,,,N/G,,,,,400,333,285.7,250,222.2,200,200,200,,,,,,,,,表示する,
N/B2996,撚糸賃:B2996:RF133TSD120/44(ｲｰｸﾞﾚｯﾄ):S800 WM : :,M : :,K,0,800,,120,2,2,在庫管理を行わない,課税,0,0,0,月別総平均,SFN,11,SFN,,非対象,N,,,,,,N/WM,,,,,600,500,428.6,375,333.3,300,300,300,,,,,,,,,表示する,
N/B3007,撚糸賃:B3007:RF<84T>BR75/30(ｲｰｸﾞﾚｯﾄ): Z1600 ｲﾀﾘｰ :(SET:4Fｶｸｶﾞﾀｼﾃｲ) :, ｲﾀﾘｰ :(SET:4Fｶｸｶﾞﾀｼﾃｲ) :,K,0,1600,,75,2,2,在庫管理を行わない,課税,0,0,0,月別総平均,SFN,11,SFN,,非対象,N,,,,,,N/I,,,,,600,500,428.6,375,333.3,300,300,300,,,,,,,,,表示する,
N/B3017,撚糸賃:B3017:RF<84T>BR75/30(ｲｰｸﾞﾚｯﾄ): S1600 ｲﾀﾘｰ :(SET:4Fｶｸｶﾞﾀｼﾃｲ) :, ｲﾀﾘｰ :(SET:4Fｶｸｶﾞﾀｼﾃｲ) :,K,0,1600,,75,2,2,在庫管理を行わない,課税,0,0,0,月別総平均,SFN,11,SFN,,非対象,N,,,,,,N/I,,,,,600,500,428.6,375,333.3,300,300,300,,,,,,,,,表示する,
N/B3534,撚糸賃:B3534:TAC(SJ)<66T>DL60/80 :<S350>WM :ﾘｮｳｺｳｻｲｼﾞﾝｸﾞ :,:ﾘｮｳｺｳｻｲｼﾞﾝｸﾞ :,K,0,350,,60,2,2,在庫管理を行わない,課税,0,0,0,月別総平均,SFN,11,SFN,,非対象,N,,,,,,N/WM,,,,,460,383,328.6,287.5,255.6,230,230,230,,,,,,,,,表示する,
N/B3627,撚糸賃:B3627:ﾜﾙﾂF<56T>SD50/24(Z275) :TAC(ES)<84T>BR75/20(LP9) :<Z1000>WMｼｮｰﾄﾊﾟｰﾝ :,)<84T>BR75/20(LP9) :<Z1000>WMｼｮｰﾄﾊﾟｰﾝ :,K,0,1000,,125,2,2,在庫管理を行わない,課税,0,0,0,月別総平均,SFN,11,SFN,,非対象,N,,,,,,N/WM,,,,,500,417,357.1,312.5,277.8,250,250,250,,,,,,,,,表示する,
N/B4257,撚糸賃:B4257:Z10F<56T>SD50/12(B13) :TAC(ES)<84T>BR75/20 :<S1000>WM :,<84T>BR75/20 :<S1000>WM :,K,0,,,,2,2,在庫管理を行わない,課税,0,0,0,月別総平均,SFN,11,SFN,,非対象,N,,,,,,,,,,,0,0,0,0,0,0,0,0,,,,,,,,,表示する,
N/B4584,撚糸賃:B4584:RF330TBR300/60ﾎﾜｲﾄM(W) :Z400 WS : :,S : :,K,0,400,,300,2,2,在庫管理を行わない,課税,0,0,0,月別総平均,SFN,11,SFN,,非対象,N,,,,,,N/WS,,,,,300,250,214.3,187.5,166.7,150,150,150,,,,,,,,,表示する,
N/B4966,撚糸賃:B4966:TF(ｺｳｷｮｳﾘｮｸ)<1100T> :BR1000/240<S80>GK : :,0<S80>GK : :,K,0,80,,1000,2,2,在庫管理を行わない,課税,0,0,0,月別総平均,SFN,11,SFN,,非対象,N,,,,,,N/GK,,,,,240,200,171.4,150,133.3,120,120,120,,,,,,,,,表示する,
N/B5307,撚糸賃:B5307:Z10F<56T>SD50/12(B13) :Z1600 WM(6KRPM) : :,M(6KRPM) : :,K,0,1600,,50,2,2,在庫管理を行わない,課税,0,0,0,月別総平均,SFN,11,SFN,,非対象,N,,,,,,N/WM,,,,,660,550,471.4,412.5,366.7,330,330,330,,,,,,,,,表示する,
N/B5317,撚糸賃:B5317:Z10F<56T>SD50/12(B13) :S1600 WM(6KRPM) : :,M(6KRPM) : :,K,0,1600,,50,2,2,在庫管理を行わない,課税,0,0,0,月別総平均,SFN,11,SFN,,非対象,N,,,,,,N/WM,,,,,660,550,471.4,412.5,366.7,330,330,330,,,,,,,,,表示する,
N/B5367,撚糸賃:B5367:Z10F<56T>SD50/12(B13) :Z1600 WM(9KRPM) : :,M(9KRPM) : :,K,0,1600,,50,2,2,在庫管理を行わない,課税,0,0,0,月別総平均,SFN,11,SFN,,非対象,N,,,,,,N/WM,,,,,700,583,500,437.5,388.9,350,350,350,,,,,,,,,表示する,
N/B5377,撚糸賃:B5377:Z10F<56T>SD50/12(B13) :S1600 WM(9KRPM) : :,M(9KRPM) : :,K,0,1600,,50,2,2,在庫管理を行わない,課税,0,0,0,月別総平均,SFN,11,SFN,,非対象,N,,,,,,N/WM,,,,,700,583,500,437.5,388.9,350,350,350,,,,,,,,,表示する,
N/B6207,撚糸賃:B6207:PPT.F<56T>SD50/24(PYV2):TAC110TBR100/40 JCUPS(50):<Z1200>WM :,TBR100/40 JCUPS(50):<Z1200>WM :,K,0,1200,,150,2,2,在庫管理を行わない,課税,0,0,0,月別総平均,SFN,11,SFN,,非対象,N,,,,,,N/WM,,,,,600,500,428.6,375,333.3,300,300,300,,,,,,,,,表示する,
N/B6626,撚糸賃:B6626:ﾄﾘｸｼｵﾝ(SDU)120TSD108/24:/2<Z800>WS : :,0>WS : :,K,0,800,,216,2,2,在庫管理を行わない,課税,0,0,0,月別総平均,SFN,11,SFN,,非対象,N,,,,,,N/WS,,,,,460,383,328.6,287.5,255.6,230,230,230,,,,,,,,,表示する,
N/B6636,撚糸賃:B6636:ﾄﾘｸｼｵﾝ(SDU)120TSD108/24:/2<S800>WS : :,0>WS : :,K,0,800,,216,2,2,在庫管理を行わない,課税,0,0,0,月別総平均,SFN,11,SFN,,非対象,N,,,,,,N/WS,,,,,460,383,328.6,287.5,255.6,230,230,230,,,,,,,,,表示する,
N/B7085,撚糸賃:B7085:Z10F<110T>SD100/24(B27):TAC(ES)<220T>BR200/34/2 :<S600>WS :,)<220T>BR200/34/2 :<S600>WS :,K,0,600,,505,2,2,在庫管理を行わない,課税,0,0,0,月別総平均,SFN,11,SFN,,非対象,N,,,,,,N/WS,,,,,360,300,257.1,225,200,180,180,180,,,,,,,,,表示する,
N/B7527,撚糸賃:B7527:ｽｰﾊﾟｰZ10F56TSD50/12 B07:TAC110TBR100/40 JCUPS(50):<S1200>WM :,TBR100/40 JCUPS(50):<S1200>WM :,K,0,1200,,144,2,2,在庫管理を行わない,課税,0,0,0,月別総平均,SFN,11,SFN,,非対象,N,,,,,,N/WM,,,,,600,500,428.6,375,333.3,300,300,300,,,,,,,,,表示する,
N/B7787,撚糸賃:B7787:OHS.2F<33T>SD30/12 :TAC<61T>BR55/15 :<Z1200>WMｼｮｰﾄﾊﾟｰﾝ8KRPM :,55/15 :<Z1200>WMｼｮｰﾄﾊﾟｰﾝ8KRPM :,K,0,1200,,85,2,2,在庫管理を行わない,課税,0,0,0,月別総平均,SFN,11,SFN,,非対象,N,,,,,,N/WM,,,,,700,583,500,437.5,388.9,350,350,350,,,,,,,,,表示する,
N/B7797,撚糸賃:B7797:OHS.2F<33T>SD30/12 :TAC<61T>BR55/15 :<S1200>WMｼｮｰﾄﾊﾟｰﾝ8KRPM :,55/15 :<S1200>WMｼｮｰﾄﾊﾟｰﾝ8KRPM :,K,0,1200,,85,2,2,在庫管理を行わない,課税,0,0,0,月別総平均,SFN,11,SFN,,非対象,N,,,,,,N/WM,,,,,700,583,500,437.5,388.9,350,350,350,,,,,,,,,表示する,
N/B7927,撚糸賃:B7927:Z10F<33T>SD30/12(B07) :TAC(ES)<84T>BR75/20 :<Z1200>WMｼｮｰﾄﾊﾟｰﾝ :,<84T>BR75/20 :<Z1200>WMｼｮｰﾄﾊﾟｰﾝ :,K,0,1200,,105,2,2,在庫管理を行わない,課税,0,0,0,月別総平均,SFN,11,SFN,,非対象,N,,,,,,N/WM,,,,,668,557,477.1,417.5,371.1,334,334,334,,,,,,,,,表示する,
N/B7937,撚糸賃:B7937:Z10F<33T>SD30/12(B07) :TAC(ES)<84T>BR75/20 :<S1200>WMｼｮｰﾄﾊﾟｰﾝ :,<84T>BR75/20 :<S1200>WMｼｮｰﾄﾊﾟｰﾝ :,K,0,1200,,105,2,2,在庫管理を行わない,課税,0,0,0,月別総平均,SFN,11,SFN,,非対象,N,,,,,,N/WM,,,,,668,557,477.1,417.5,371.1,334,334,334,,,,,,,,,表示する,
N/B7967,撚糸賃:B7967:OHS.2F33TSD30/12ﾏﾙﾀﾞﾝﾒﾝ:RF<84T>BR75/30(ｲｰｸﾞﾚｯﾄ) :<Z1200>WM :,>BR75/30(ｲｰｸﾞﾚｯﾄ) :<Z1200>WM :,K,0,1200,,105,2,2,在庫管理を行わない,課税,0,0,0,月別総平均,SFN,11,SFN,,非対象,N,,,,,,N/WM,,,,,700,583,500,437.5,388.9,350,350,350,,,,,,,,,表示する,
N/B7977,撚糸賃:B7977:OHS.2F33TSD30/12ﾏﾙﾀﾞﾝﾒﾝ:RF<84T>BR75/30(ｲｰｸﾞﾚｯﾄ) :<S1200>WM :,>BR75/30(ｲｰｸﾞﾚｯﾄ) :<S1200>WM :,K,0,1200,,105,2,2,在庫管理を行わない,課税,0,0,0,月別総平均,SFN,11,SFN,,非対象,N,,,,,,N/WM,,,,,700,583,500,437.5,388.9,350,350,350,,,,,,,,,表示する,
N/B8097,撚糸賃:B8097:Z10F<33T>SD30/12(B07) :TAC<110T>BR100/26 <S1200>:WMｼｮｰﾄﾊﾟｰﾝ 8KRPM :,T>BR100/26 <S1200>:WMｼｮｰﾄﾊﾟｰﾝ 8KRPM :,K,0,1200,,130,2,2,在庫管理を行わない,課税,0,0,0,月別総平均,SFN,11,SFN,,非対象,N,,,,,,N/WM,,,,,640,533,457.1,400,355.6,320,320,320,,,,,,,,,表示する,
N/B8127,撚糸賃:B8127:Z10F<33T>SD30/12(B07) :BB.F<56T>BR50/30 :<Z1200>WMｼｮｰﾄﾊﾟｰﾝ :,T>BR50/30 :<Z1200>WMｼｮｰﾄﾊﾟｰﾝ :,K,0,1200,,80,2,2,在庫管理を行わない,課税,0,0,0,月別総平均,SFN,11,SFN,,非対象,N,,,,,,N/WM,,,,,1000,833,714.3,625,555.6,500,500,500,,,,,,,,,表示する,
N/B8137,撚糸賃:B8137:Z10F<33T>SD30/12(B07) :BB.F<56T>BR50/30 :<S1200>WMｼｮｰﾄﾊﾟｰﾝ :,T>BR50/30 :<S1200>WMｼｮｰﾄﾊﾟｰﾝ :,K,0,1200,,80,2,2,在庫管理を行わない,課税,0,0,0,月別総平均,SFN,11,SFN,,非対象,N,,,,,,N/WM,,,,,1000,833,714.3,625,555.6,500,500,500,,,,,,,,,表示する,
N/B8147,撚糸賃:B8147:Z10F<33T>SD30/12(B07) :BB.F<56T>BR50/30 :<Z1200>WMｼｮｰﾄﾊﾟｰﾝ6KRPM :,T>BR50/30 :<Z1200>WMｼｮｰﾄﾊﾟｰﾝ6KRPM :,K,0,1200,,80,2,2,在庫管理を行わない,課税,0,0,0,月別総平均,SFN,11,SFN,,非対象,N,,,,,,N/WM,,,,,700,583,500,437.5,388.9,350,350,350,,,,,,,,,表示する,
N/B8157,撚糸賃:B8157:Z10F<33T>SD30/12(B07) :BB.F<56T>BR50/30 :<S1200>WMｼｮｰﾄﾊﾟｰﾝ6KRPM :,T>BR50/30 :<S1200>WMｼｮｰﾄﾊﾟｰﾝ6KRPM :,K,0,1200,,80,2,2,在庫管理を行わない,課税,0,0,0,月別総平均,SFN,11,SFN,,非対象,N,,,,,,N/WM,,,,,700,583,500,437.5,388.9,350,350,350,,,,,,,,,表示する,
N/B8347,撚糸賃:B8347:ｽﾋﾞｰﾙF<56T>SD50/12(912):TAC110TBR100/40 JCUPS(50):<Z1200>WM :,TBR100/40 JCUPS(50):<Z1200>WM :,K,0,1200,,150,2,2,在庫管理を行わない,課税,0,0,0,月別総平均,SFN,11,SFN,,非対象,N,,,,,,N/WM,,,,,600,500,428.6,375,333.3,300,300,300,,,,,,,,,表示する,
N/B8357,撚糸賃:B8357:ｽﾋﾞｰﾙF<56T>SD50/12(912):TAC110TBR100/40 JCUPS(50):<S1200>WM :,TBR100/40 JCUPS(50):<S1200>WM :,K,0,1200,,150,2,2,在庫管理を行わない,課税,0,0,0,月別総平均,SFN,11,SFN,,非対象,N,,,,,,N/WM,,,,,600,500,428.6,375,333.3,300,300,300,,,,,,,,,表示する,
N/B8887,撚糸賃:B8887:Z10F<33T>SD30/12(B07) :TAC<84T>BR75/20(LP9) :<Z1200>WM :,>BR75/20(LP9) :<Z1200>WM :,K,0,1200,,105,2,2,在庫管理を行わない,課税,0,0,0,月別総平均,SFN,11,SFN,,非対象,N,,,,,,N/WM,,,,,660,550,471.4,412.5,366.7,330,330,330,,,,,,,,,表示する,
N/B8897,撚糸賃:B8897:Z10F<33T>SD30/12(B07) :TAC<84T>BR75/20(LP9) :<S1200>WM :,>BR75/20(LP9) :<S1200>WM :,K,0,1200,,105,2,2,在庫管理を行わない,課税,0,0,0,月別総平均,SFN,11,SFN,,非対象,N,,,,,,N/WM,,,,,660,550,471.4,412.5,366.7,330,330,330,,,,,,,,,表示する,
N/B9707,撚糸賃:B9707:Z10F<56T>SD50/12(B13) :TAC(ES)<110T>BR100/26 :<Z1200>WS :,<110T>BR100/26 :<Z1200>WS :,K,0,1200,,150,2,2,在庫管理を行わない,課税,0,0,0,月別総平均,SFN,11,SFN,,非対象,N,,,,,,N/WS,,,,,600,500,428.6,375,333.3,300,300,300,,,,,,,,,表示する,
N/B9717,撚糸賃:B9717:Z10F<56T>SD50/12(B13) :TAC(ES)<110T>BR100/26 :<S1200>WS :,<110T>BR100/26 :<S1200>WS :,K,0,1200,,150,2,2,在庫管理を行わない,課税,0,0,0,月別総平均,SFN,11,SFN,,非対象,N,,,,,,N/WS,,,,,600,500,428.6,375,333.3,300,300,300,,,,,,,,,表示する,
N/B9727,撚糸賃:B9727:Z10F<56T>SD50/12(B13) :TAC<110T>BR100/26 : <Z1200>WM :,T>BR100/26 : <Z1200>WM :,K,0,1200,,150,2,2,在庫管理を行わない,課税,0,0,0,月別総平均,SFN,11,SFN,,非対象,N,,,,,,N/WM,,,,,600,500,428.6,375,333.3,300,300,300,,,,,,,,,表示する,
N/B9737,撚糸賃:B9737:Z10F<56T>SD50/12(B13) :TAC<110T>BR100/26 : <S1200>WM :,T>BR100/26 : <S1200>WM :,K,0,1200,,150,2,2,在庫管理を行わない,課税,0,0,0,月別総平均,SFN,11,SFN,,非対象,N,,,,,,N/WM,,,,,600,500,428.6,375,333.3,300,300,300,,,,,,,,,表示する,
N/B9847,撚糸賃:B9847:Z10F<56T>SD50/12(B13) :TAC(SJ)<110T>BR100/26 :<Z1200>WM :,<110T>BR100/26 :<Z1200>WM :,K,0,1200,,150,2,2,在庫管理を行わない,課税,0,0,0,月別総平均,SFN,11,SFN,,非対象,N,,,,,,N/WM,,,,,500,417,357.1,312.5,277.8,250,250,250,,,,,,,,,表示する,
N/B9857,撚糸賃:B9857:Z10F<56T>SD50/12(B13) :TAC(SJ)<110T>BR100/26 :<S1200>WM :,<110T>BR100/26 :<S1200>WM :,K,0,1200,,150,2,2,在庫管理を行わない,課税,0,0,0,月別総平均,SFN,11,SFN,,非対象,N,,,,,,N/WM,,,,,500,417,357.1,312.5,277.8,250,250,250,,,,,,,,,表示する,
N/B9867,撚糸賃:B9867:Z10F<56T>SD50/12(B13) :TAC(ES)<110T>BR100/26 :<Z1200>WM :,<110T>BR100/26 :<Z1200>WM :,K,0,1200,,150,2,2,在庫管理を行わない,課税,0,0,0,月別総平均,SFN,11,SFN,,非対象,N,,,,,,N/WM,,,,,600,500,428.6,375,333.3,300,300,300,,,,,,,,,表示する,
N/B9877,撚糸賃:B9877:Z10F<56T>SD50/12(B13) :TAC(ES)<110T>BR100/26 :<S1200>WM :,<110T>BR100/26 :<S1200>WM :,K,0,1200,,150,2,2,在庫管理を行わない,課税,0,0,0,月別総平均,SFN,11,SFN,,非対象,N,,,,,,N/WM,,,,,600,500,428.6,375,333.3,300,300,300,,,,,,,,,表示する,
N/C0947,撚糸賃:C0947:C100% 60/- (ｷﾞｷｮｳ) :/2 <Z1200>WS : :,WS : :,K,0,1200,,177,2,2,在庫管理を行わない,課税,0,0,0,月別総平均,SFN,11,SFN,,非対象,N,,,,,,N/WS,,,,,660,550,471.4,412.5,366.7,330,330,330,,,,,,,,,表示する,
N/C1597,撚糸賃:C1597:R100%(BR)40/-(ﾀｲﾜﾝｶｾﾝ) :/2<S1000> : :,00> : :,K,0,1000,,274,2,2,在庫管理を行わない,課税,0,0,0,月別総平均,SFN,11,SFN,,非対象,N,,,,,,N/WS,,,,,500,417,357.1,312.5,277.8,250,250,250,,,,,,,,,表示する,
N/C1676,撚糸賃:C1676:CFY(C58ｿﾛ42)45/- :/2<S800>WS : :, :,K,0,800,,236,2,2,在庫管理を行わない,課税,0,0,0,月別総平均,SFN,11,SFN,,非対象,N,,,,,,N/WS,,,,,0,0,0,0,0,0,0,0,,,,,,,,,表示する,
N/C3244,撚糸賃:C3244:R100%SL(BR)16/- :/2<Z400>WS : :,:,K,0,400,,665,2,2,在庫管理を行わない,課税,0,0,0,月別総平均,SFN,11,SFN,,非対象,N,,,,,,N/WS,,,,,400,333,285.7,250,222.2,200,200,200,,,,,,,,,表示する,
N/D0056,撚糸賃:D0056:ﾄﾘｸｼｵﾝF<120T>SDU108/24 :TAC<110T>BR100/26 :<S800>WS :,0T>BR100/26 :<S800>WS :,K,0,800,,208,2,2,在庫管理を行わない,課税,0,0,0,月別総平均,SFN,11,SFN,,非対象,N,,,,,,N/WS,,,,,500,417,357.1,312.5,277.8,250,250,250,,,,,,,,,表示する,
N/D0455,撚糸賃:D0455:TAC<84T>BR75/20(LP9) :<S750>WMｼｮｰﾄﾊﾟｰﾝ(8KRPM) : :,ｼｮｰﾄﾊﾟｰﾝ(8KRPM) : :,K,0,750,,75,2,2,在庫管理を行わない,課税,0,0,0,月別総平均,SFN,11,SFN,,非対象,N,,,,,,N/WM,,,,,500,417,357.1,312.5,277.8,250,250,250,,,,,,,,,表示する,
N/D0484,撚糸賃:D0484:TAC<84T>BR75/20(LP9) : Z400 WM 6KRPMｼｮｰﾄﾊﾟｰﾝ : :, 6KRPMｼｮｰﾄﾊﾟｰﾝ : :,K,0,400,,75,2,2,在庫管理を行わない,課税,0,0,0,月別総平均,SFN,11,SFN,,非対象,N,,,,,,N/WM,,,,,560,467,400,350,311.1,280,280,280,,,,,,,,,表示する,
N/D0513,撚糸賃:D0513:TAC<84T>BR75/20(LP9) :<S350>WM : :, : :,K,0,350,,75,2,2,在庫管理を行わない,課税,0,0,0,月別総平均,SFN,11,SFN,,非対象,N,,,,,,N/WM,,,,,272,227,194.3,170,151.1,136,136,136,,,,,,,,,表示する,
N/D0655,撚糸賃:D0655:TAC(ES)<84T>BR75/20 :<S600>WMｼｮｰﾄﾊﾟｰﾝ(8KRPM) : :,ｮｰﾄﾊﾟｰﾝ(8KRPM) : :,K,0,,,,2,2,在庫管理を行わない,課税,0,0,0,月別総平均,SFN,11,SFN,,非対象,N,,,,,,,,,,,0,0,0,0,0,0,0,0,,,,,,,,,表示する,
N/D0897,撚糸賃:D0897:ｿﾛ(EKT)F<84T>SD75/36 :<S1200>WM : :,M : :,K,0,1200,,75,2,2,在庫管理を行わない,課税,0,0,0,月別総平均,SFN,11,SFN,,非対象,N,,,,,,N/WM,,,,,668,557,477.1,417.5,371.1,334,334,334,,,,,,,,,表示する,
N/D1568,撚糸賃:D1568:ﾄｰﾚTF<33T>SD30/12(262) :RF<133T>BR120/44(ｲｰｸﾞﾚｯﾄ):(Z800+Z1400)<Z2200>ｲﾀﾘｰ,T>BR120/44(ｲｰｸﾞﾚｯﾄ):(Z800+Z1400)<Z2200>ｲ,K,0,1400,,150,2,2,在庫管理を行わない,課税,0,0,0,月別総平均,SFN,11,SFN,,非対象,N,,,,,,N/I,,,,,1000,833,714.3,625,555.6,500,500,500,,,,,,,,,表示する,
N/D1578,撚糸賃:D1578:ﾄｰﾚTF<33T>SD30/12(262) :RF<133T>BR120/44(ｲｰｸﾞﾚｯﾄ):(S800+S1400)<S2200>ｲﾀﾘｰ,T>BR120/44(ｲｰｸﾞﾚｯﾄ):(S800+S1400)<S2200>ｲ,K,0,1400,,150,2,2,在庫管理を行わない,課税,0,0,0,月別総平均,SFN,11,SFN,,非対象,N,,,,,,N/I,,,,,1000,833,714.3,625,555.6,500,500,500,,,,,,,,,表示する,
N/D1608,撚糸賃:D1608:EF(A210)<22T>SD20/12 :RF<84T>BR75/30(ｲｰｸﾞﾚｯﾄ) :(1400+1400)<Z2800>ｲﾀﾘｰ :,R75/30(ｲｰｸﾞﾚｯﾄ) :(1400+1400)<Z2800>ｲﾀﾘｰ ,K,0,1400,,95,2,2,在庫管理を行わない,課税,0,0,0,月別総平均,SFN,11,SFN,,非対象,N,,,,,,N/I,,,,,600,500,428.6,375,333.3,300,300,300,,,,,,,,,表示する,
N/D1618,撚糸賃:D1618:EF(A210)<22T>SD20/12 :RF<84T>BR75/30(ｲｰｸﾞﾚｯﾄ) :(1400+1400)<S2800>ｲﾀﾘｰ :,R75/30(ｲｰｸﾞﾚｯﾄ) :(1400+1400)<S2800>ｲﾀﾘｰ ,K,0,1400,,95,2,2,在庫管理を行わない,課税,0,0,0,月別総平均,SFN,11,SFN,,非対象,N,,,,,,N/I,,,,,600,500,428.6,375,333.3,300,300,300,,,,,,,,,表示する,
N/D1627,撚糸賃:D1627:ﾄｰﾚTF<33T>SD30/12(262) :RF<133T>BR120/44(ｲｰｸﾞﾚｯﾄ):<Z2200>ｲﾀﾘｰ :,T>BR120/44(ｲｰｸﾞﾚｯﾄ):<Z2200>ｲﾀﾘｰ :,K,0,2200,,150,2,2,在庫管理を行わない,課税,0,0,0,月別総平均,SFN,11,SFN,,非対象,N,,,,,,N/I,,,,,1062,885,758.6,663.8,590,531,531,531,,,,,,,,,表示する,
N/D1637,撚糸賃:D1637:ﾄｰﾚTF<33T>SD30/12(262) :RF<133T>BR120/44(ｲｰｸﾞﾚｯﾄ):<S2200>ｲﾀﾘｰ :,T>BR120/44(ｲｰｸﾞﾚｯﾄ):<S2200>ｲﾀﾘｰ :,K,0,2200,,150,2,2,在庫管理を行わない,課税,0,0,0,月別総平均,SFN,11,SFN,,非対象,N,,,,,,N/I,,,,,1062,885,758.6,663.8,590,531,531,531,,,,,,,,,表示する,
N/D1708,撚糸賃:D1708:TAC<84T>BR75/20(LP9) :RF84TBR(ｲｰｸﾞﾚｯﾄ)Z1600ｲﾀﾘｰ:(RF=84D) <Z800>WS MK :,ｲｰｸﾞﾚｯﾄ)Z1600ｲﾀﾘｰ:(RF=84D) <Z800>WS MK :,K,0,500,,157,2,2,在庫管理を行わない,課税,0,0,0,月別総平均,SFN,11,SFN,,非対象,N,,,,,,N/WS,,,,,500,417,357.1,312.5,277.8,250,250,250,,,,,,,,,表示する,
N/D1718,撚糸賃:D1718:TAC<84T>BR75/20(LP9) :RF84TBR(ｲｰｸﾞﾚｯﾄ)S1600ｲﾀﾘｰ:(RF=84D) <S800>WS MK :,ｲｰｸﾞﾚｯﾄ)S1600ｲﾀﾘｰ:(RF=84D) <S800>WS MK :,K,0,500,,157,2,2,在庫管理を行わない,課税,0,0,0,月別総平均,SFN,11,SFN,,非対象,N,,,,,,N/WS,,,,,500,417,357.1,312.5,277.8,250,250,250,,,,,,,,,表示する,
N/D1844,撚糸賃:D1844:RF133TBR120/30ﾎﾜｲﾄM(W) :/2 <Z400>WS : :,00>WS : :,K,0,400,,240,2,2,在庫管理を行わない,課税,0,0,0,月別総平均,SFN,11,SFN,,非対象,N,,,,,,N/WS,,,,,500,417,357.1,312.5,277.8,250,250,250,,,,,,,,,表示する,
N/D1867,撚糸賃:D1867:ﾄｰﾚTF<33T>SD30/12(262) :RF<133T>BR120/30ﾎﾜｲﾄM(W) :<Z2200>ｲﾀﾘｰ :,T>BR120/30ﾎﾜｲﾄM(W) :<Z2200>ｲﾀﾘｰ :,K,0,2200,,150,2,2,在庫管理を行わない,課税,0,0,0,月別総平均,SFN,11,SFN,,非対象,N,,,,,,N/I,,,,,1062,885,758.6,663.8,590,531,531,531,,,,,,,,,表示する,
N/D1877,撚糸賃:D1877:ﾄｰﾚTF<33T>SD30/12(262) :RF<133T>BR120/30ﾎﾜｲﾄM(W) :<S2200>ｲﾀﾘｰ :,T>BR120/30ﾎﾜｲﾄM(W) :<S2200>ｲﾀﾘｰ :,K,0,2200,,150,2,2,在庫管理を行わない,課税,0,0,0,月別総平均,SFN,11,SFN,,非対象,N,,,,,,N/I,,,,,1062,885,758.6,663.8,590,531,531,531,,,,,,,,,表示する,
N/D2327,撚糸賃:D2327:OHS.2F<110T>SD100/24 :(9262) Z1200 WM : :,1200 WM : :,K,0,1200,,100,2,2,在庫管理を行わない,課税,0,0,0,月別総平均,SFN,11,SFN,,非対象,N,,,,,,N/WM,,,,,600,500,428.6,375,333.3,300,300,300,,,,,,,,,表示する,
N/D2337,撚糸賃:D2337:OHS.2F<110T>SD100/24 :(9262) S1200 WM : :,1200 WM : :,K,0,1200,,100,2,2,在庫管理を行わない,課税,0,0,0,月別総平均,SFN,11,SFN,,非対象,N,,,,,,N/WM,,,,,600,500,428.6,375,333.3,300,300,300,,,,,,,,,表示する,
N/D2357,撚糸賃:D2357:OHS.2F<110T>SD100/24 :(9262) S1200 WM 85ﾟ-30 : :,1200 WM 85ﾟ-30 : :,K,0,1200,,100,2,2,在庫管理を行わない,課税,0,0,0,月別総平均,SFN,11,SFN,,非対象,N,,,,,,N/WM,,,,,0,0,0,0,0,0,0,0,,,,,,,,,表示する,
N/D2606,撚糸賃:D2606:TAC<220T>BR200/34 /2 :RF<133T>BR120/30ﾎﾜｲﾄM(W) : <Z800>WS MK 15ｼﾃｲ :,BR120/30ﾎﾜｲﾄM(W) : <Z800>WS MK 15ｼﾃｲ :,K,0,800,,510,2,2,在庫管理を行わない,課税,0,0,0,月別総平均,SFN,11,SFN,,非対象,N,,,,,,N/WS,,,,,600,500,428.6,375,333.3,300,300,300,,,,,,,,,表示する,
N/D3294,撚糸賃:D3294:ﾃｨﾌｨｺTF<167T>BB150/72 :(HB) S400 WM : :,00 WM : :,K,0,400,,150,2,2,在庫管理を行わない,課税,0,0,0,月別総平均,SFN,11,SFN,,非対象,N,,,,,,N/WM,,,,,260,217,185.7,162.5,144.4,130,130,130,,,,,,,,,表示する,
N/D3833,撚糸賃:D3833:RF<133T>SD120/44 :(ｲｰｸﾞﾚｯﾄ)/3 <S300>WS : :,<S300>WS : :,K,0,300,,360,2,2,在庫管理を行わない,課税,0,0,0,月別総平均,SFN,11,SFN,,非対象,N,,,,,,N/WS,,,,,700,583,500,437.5,388.9,350,350,350,,,,,,,,,表示する,
N/D3896,撚糸賃:D3896:ﾚﾝﾎﾞｳRF<133T>BR120/44 :(ｲｰｸﾞﾚｯﾄ) S800WM : :,ﾄ) S800WM : :,K,0,800,,120,2,2,在庫管理を行わない,課税,0,0,0,月別総平均,SFN,11,SFN,,非対象,N,,,,,,N/WM,,,,,600,500,428.6,375,333.3,300,300,300,,,,,,,,,表示する,
N/D3907,撚糸賃:D3907:ﾚﾝﾎﾞｳRF<133T>BR120/44 :(ｲｰｸﾞﾚｯﾄ) Z1500 WM : :,ﾄ) Z1500 WM : :,K,0,1500,,120,2,2,在庫管理を行わない,課税,0,0,0,月別総平均,SFN,11,SFN,,非対象,N,,,,,,N/WM,,,,,700,583,500,437.5,388.9,350,350,350,,,,,,,,,表示する,
N/D3917,撚糸賃:D3917:ﾚﾝﾎﾞｳRF<133T>BR120/44 :(ｲｰｸﾞﾚｯﾄ) S1500 WM : :,ﾄ) S1500 WM : :,K,0,1500,,120,2,2,在庫管理を行わない,課税,0,0,0,月別総平均,SFN,11,SFN,,非対象,N,,,,,,N/WM,,,,,700,583,500,437.5,388.9,350,350,350,,,,,,,,,表示する,
N/D4194,撚糸賃:D4194:ｿﾛﾃｯｸｽ(ZQT)F84TSD75/36 :/3<S400>GK : :,0>GK : :,K,0,,,,2,2,在庫管理を行わない,課税,0,0,0,月別総平均,SFN,11,SFN,,非対象,N,,,,,,,,,,,0,0,0,0,0,0,0,0,,,,,,,,,表示する,
N/D4867,撚糸賃:D4867:Z10F<110T>SD100/24(B29):Z1200 WM : :,WM : :,K,0,1200,,100,2,2,在庫管理を行わない,課税,0,0,0,月別総平均,SFN,11,SFN,,非対象,N,,,,,,N/WM,,,,,500,417,357.1,312.5,277.8,250,250,250,,,,,,,,,表示する,
N/D4877,撚糸賃:D4877:Z10F<110T>SD100/24(B29):S1200 WM : :,WM : :,K,0,1200,,100,2,2,在庫管理を行わない,課税,0,0,0,月別総平均,SFN,11,SFN,,非対象,N,,,,,,N/WM,,,,,500,417,357.1,312.5,277.8,250,250,250,,,,,,,,,表示する,
N/D4907,撚糸賃:D4907:Z10F<110T>SD100/24(B25):Z1200 WM : :,WM : :,K,0,1200,,100,2,2,在庫管理を行わない,課税,0,0,0,月別総平均,SFN,11,SFN,,非対象,N,,,,,,N/WM,,,,,0,0,0,0,0,0,0,0,,,,,,,,,表示する,
N/D4917,撚糸賃:D4917:Z10F<110T>SD100/24(B25):S1200 WM : :,WM : :,K,0,1200,,100,2,2,在庫管理を行わない,課税,0,0,0,月別総平均,SFN,11,SFN,,非対象,N,,,,,,N/WM,,,,,0,0,0,0,0,0,0,0,,,,,,,,,表示する,
N/D5527,撚糸賃:D5527:ﾗｼｰﾅ(V210)<33T>SD30/12 :TAC(MTX)<61T>BR55/15 :<Z1600>WMｼｮｰﾄﾊﾟｰﾝ(9KRPM) :,X)<61T>BR55/15 :<Z1600>WMｼｮｰﾄﾊﾟｰﾝ(9KRPM),K,0,1600,,85,2,2,在庫管理を行わない,課税,0,0,0,月別総平均,SFN,11,SFN,,非対象,N,,,,,,N/WM,,,,,600,500,428.6,375,333.3,300,300,300,,,,,,,,,表示する,
N/D5537,撚糸賃:D5537:ﾗｼｰﾅ(V210)<33T>SD30/12 :TAC(MTX)<61T>BR55/15 :<S1600>WMｼｮｰﾄﾊﾟｰﾝ(9KRPM) :,X)<61T>BR55/15 :<S1600>WMｼｮｰﾄﾊﾟｰﾝ(9KRPM),K,0,1600,,85,2,2,在庫管理を行わない,課税,0,0,0,月別総平均,SFN,11,SFN,,非対象,N,,,,,,N/WM,,,,,600,500,428.6,375,333.3,300,300,300,,,,,,,,,表示する,
N/D9506,撚糸賃:D9506:ｿﾛﾃｯｸｽ<84T>SD75/36 :(C/#005)ｵﾌ /4 :<Z800>G :, /4 :<Z800>G :,K,0,800,,340,2,2,在庫管理を行わない,課税,0,0,0,月別総平均,SFN,11,SFN,,非対象,N,,,,,,N/G,,,,,400,333,285.7,250,222.2,200,200,200,,,,,,,,,表示する,
N/D9526,撚糸賃:D9526:ｿﾛﾃｯｸｽ<84T>SD75/36 :(C/#051)Lﾌﾞﾙｰ /4 :<Z800>G :,ﾞﾙｰ /4 :<Z800>G :,K,0,800,,340,2,2,在庫管理を行わない,課税,0,0,0,月別総平均,SFN,11,SFN,,非対象,N,,,,,,N/G,,,,,400,333,285.7,250,222.2,200,200,200,,,,,,,,,表示する,
N/D9546,撚糸賃:D9546:ｿﾛﾃｯｸｽ<84T>SD75/36 :(C/#093)Nﾈｲﾋﾞｰ /4 :<Z800>G :,ｲﾋﾞｰ /4 :<Z800>G :,K,0,800,,340,2,2,在庫管理を行わない,課税,0,0,0,月別総平均,SFN,11,SFN,,非対象,N,,,,,,N/G,,,,,400,333,285.7,250,222.2,200,200,200,,,,,,,,,表示する,
N/D9566,撚糸賃:D9566:ｿﾛﾃｯｸｽ<84T>SD75/36 :(C/#086)Lﾈｲﾋﾞｰ /4 :<Z800>G :,ｲﾋﾞｰ /4 :<Z800>G :,K,0,800,,340,2,2,在庫管理を行わない,課税,0,0,0,月別総平均,SFN,11,SFN,,非対象,N,,,,,,N/G,,,,,400,333,285.7,250,222.2,200,200,200,,,,,,,,,表示する,
N/D9586,撚糸賃:D9586:ｿﾛﾃｯｸｽ<84T>SD75/36 :(C/#040)ﾌﾞﾙｰ /4 :<Z800>G :,ﾙｰ /4 :<Z800>G :,K,0,800,,340,2,2,在庫管理を行わない,課税,0,0,0,月別総平均,SFN,11,SFN,,非対象,N,,,,,,N/G,,,,,400,333,285.7,250,222.2,200,200,200,,,,,,,,,表示する,
N/D9606,撚糸賃:D9606:ｿﾛﾃｯｸｽ<84T>SD75/36 :(C/#022)ﾚｯﾄﾞ /4 :<Z800>G :,ﾄﾞ /4 :<Z800>G :,K,0,800,,340,2,2,在庫管理を行わない,課税,0,0,0,月別総平均,SFN,11,SFN,,非対象,N,,,,,,N/G,,,,,400,333,285.7,250,222.2,200,200,200,,,,,,,,,表示する,
N/D9626,撚糸賃:D9626:ｿﾛﾃｯｸｽ<84T>SD75/36 :(C/#091)Tﾈｲﾋﾞｰ /4 :<Z800>G :,ｲﾋﾞｰ /4 :<Z800>G :,K,0,800,,340,2,2,在庫管理を行わない,課税,0,0,0,月別総平均,SFN,11,SFN,,非対象,N,,,,,,N/G,,,,,400,333,285.7,250,222.2,200,200,200,,,,,,,,,表示する,
N/D9646,撚糸賃:D9646:ｿﾛﾃｯｸｽ<84T>SD75/36 :(C/#013)Nﾍﾞｰｼﾞｭ /4 :<Z800>G :,ﾞｰｼﾞｭ /4 :<Z800>G :,K,0,800,,340,2,2,在庫管理を行わない,課税,0,0,0,月別総平均,SFN,11,SFN,,非対象,N,,,,,,N/G,,,,,400,333,285.7,250,222.2,200,200,200,,,,,,,,,表示する,
N/D9666,撚糸賃:D9666:ｿﾛﾃｯｸｽ<84T>SD75/36 :(C/#014)ﾏﾝｺﾞｰ /4 :<Z800>G :,ｺﾞｰ /4 :<Z800>G :,K,0,800,,340,2,2,在庫管理を行わない,課税,0,0,0,月別総平均,SFN,11,SFN,,非対象,N,,,,,,N/G,,,,,400,333,285.7,250,222.2,200,200,200,,,,,,,,,表示する,
N/D9686,撚糸賃:D9686:ｿﾛﾃｯｸｽ<84T>SD75/36 :(C/#007)Tﾍﾞｰｼﾞｭ /4 :<Z800>G :,ﾞｰｼﾞｭ /4 :<Z800>G :,K,0,800,,340,2,2,在庫管理を行わない,課税,0,0,0,月別総平均,SFN,11,SFN,,非対象,N,,,,,,N/G,,,,,400,333,285.7,250,222.2,200,200,200,,,,,,,,,表示する,
N/D9706,撚糸賃:D9706:ｿﾛﾃｯｸｽ<84T>SD75/36 :(C/#097)ﾌﾞﾗｯｸ /4 :<Z800>G :,ﾗｯｸ /4 :<Z800>G :,K,0,800,,340,2,2,在庫管理を行わない,課税,0,0,0,月別総平均,SFN,11,SFN,,非対象,N,,,,,,N/G,,,,,400,333,285.7,250,222.2,200,200,200,,,,,,,,,表示する,
N/D9726,撚糸賃:D9726:ｿﾛﾃｯｸｽ<167T>SD150/72 :(C/#022)ﾚｯﾄﾞ/2<Z800>WS : :,ﾚｯﾄﾞ/2<Z800>WS : :,K,0,800,,300,2,2,在庫管理を行わない,課税,0,0,0,月別総平均,SFN,11,SFN,,非対象,N,,,,,,N/WS,,,,,400,333,285.7,250,222.2,200,200,200,,,,,,,,,表示する,
N/D9746,撚糸賃:D9746:ｿﾛﾃｯｸｽ<167T>SD150/72 :(C/#091)Tﾈｲﾋﾞｰ/2<Z800>WS : :,Tﾈｲﾋﾞｰ/2<Z800>WS : :,K,0,800,,300,2,2,在庫管理を行わない,課税,0,0,0,月別総平均,SFN,11,SFN,,非対象,N,,,,,,N/WS,,,,,400,333,285.7,250,222.2,200,200,200,,,,,,,,,表示する,
N/D9766,撚糸賃:D9766:ｿﾛﾃｯｸｽ<167T>SD150/72 :(C/#007)Tﾍﾞｰｼﾞｭ/2<Z800>WS: :,Tﾍﾞｰｼﾞｭ/2<Z800>WS: :,K,0,800,,300,2,2,在庫管理を行わない,課税,0,0,0,月別総平均,SFN,11,SFN,,非対象,N,,,,,,N/WS,,,,,400,333,285.7,250,222.2,200,200,200,,,,,,,,,表示する,
N/D9786,撚糸賃:D9786:ｿﾛﾃｯｸｽ<167T>SD150/72 :(C/#097)ﾌﾞﾗｯｸ/2<Z800>WS : :,ﾌﾞﾗｯｸ/2<Z800>WS : :,K,0,800,,300,2,2,在庫管理を行わない,課税,0,0,0,月別総平均,SFN,11,SFN,,非対象,N,,,,,,N/WS,,,,,400,333,285.7,250,222.2,200,200,200,,,,,,,,,表示する,
N/E1256,撚糸賃:E1256:KB.CDF<84T>SD75/24 :ﾅﾝﾔCDPOYF140TSD(MC361) :ﾄﾞｳｶﾘMOLS<Z800>WM :,40TSD(MC361) :ﾄﾞｳｶﾘMOLS<Z800>WM :,K,0,800,,206,2,2,在庫管理を行わない,課税,0,0,0,月別総平均,SFN,11,SFN,,非対象,N,,,,,,N/WM,,,,,320,267,228.6,200,177.8,160,160,160,,,,,,,,,表示する,
N/E1306,撚糸賃:E1306:KB.CDF<84T>SD75/24 :ﾅﾝﾔCDPOYF<140T>SD125/36 :ﾄﾞｳｶﾘMOLS<Z800>WM :,140T>SD125/36 :ﾄﾞｳｶﾘMOLS<Z800>WM :,K,0,800,,206,2,2,在庫管理を行わない,課税,0,0,0,月別総平均,SFN,11,SFN,,非対象,N,,,,,,N/WM,,,,,500,417,357.1,312.5,277.8,250,250,250,,,,,,,,,表示する,
N/E1565,撚糸賃:E1565:Z10F<56T>SD50/12(B13) :ﾅﾝﾔT.POYF<128T>SD115/36 :ﾄﾞｳｶﾘMOLS <Z600>WM :,YF<128T>SD115/36 :ﾄﾞｳｶﾘMOLS <Z600>WM :,K,0,600,,170,2,2,在庫管理を行わない,課税,0,0,0,月別総平均,SFN,11,SFN,,非対象,N,,,,,,N/WM,,,,,354,295,252.9,221.3,196.7,177,177,177,,,,,,,,,表示する,
N/E1704,撚糸賃:E1704:ﾅ.CDFSDY84TSD/36(8C375):ﾅﾝﾔCDPOYF<280T>SD250/48 :ﾄﾞｳｶﾘ <Z400>WS :,OYF<280T>SD250/48 :ﾄﾞｳｶﾘ <Z400>WS :,K,0,400,,325,2,2,在庫管理を行わない,課税,0,0,0,月別総平均,SFN,11,SFN,,非対象,N,,,,,,N/WS,,,,,300,250,214.3,187.5,166.7,150,150,150,,,,,,,,,表示する,
N/E1725,撚糸賃:E1725:ﾅ.CDFSDY84TSD/36(8C375):ﾅﾝﾔCDPOYF<280T>SD250/48 :ﾄﾞｳｶﾘ <Z600>WS :,OYF<280T>SD250/48 :ﾄﾞｳｶﾘ <Z600>WS :,K,0,600,,334,2,2,在庫管理を行わない,課税,0,0,0,月別総平均,SFN,11,SFN,,非対象,N,,,,,,N/WS,,,,,600,500,428.6,375,333.3,300,300,300,,,,,,,,,表示する,
N/E1744,撚糸賃:E1744:ﾅ.CDFSDY84TSD/36(8C379):ﾅﾝﾔCDPOYF<280T>SD250/48 :ﾄﾞｳｶﾘ <Z400>WS :,OYF<280T>SD250/48 :ﾄﾞｳｶﾘ <Z400>WS :,K,0,400,,325,2,2,在庫管理を行わない,課税,0,0,0,月別総平均,SFN,11,SFN,,非対象,N,,,,,,N/WS,,,,,300,250,214.3,187.5,166.7,150,150,150,,,,,,,,,表示する,
N/E1765,撚糸賃:E1765:ﾅ.CDFSDY84TSD/36(8C379):ﾅﾝﾔCDPOYF<280T>SD250/48 :ﾄﾞｳｶﾘ <Z600>WS :,OYF<280T>SD250/48 :ﾄﾞｳｶﾘ <Z600>WS :,K,0,600,,334,2,2,在庫管理を行わない,課税,0,0,0,月別総平均,SFN,11,SFN,,非対象,N,,,,,,N/WS,,,,,360,300,257.1,225,200,180,180,180,,,,,,,,,表示する,
N/E2522,撚糸賃:E2522:ﾃ.TF<167T>SD150/48(20F):ﾅﾝﾔT.POY255TSD230/48ﾄﾞｳｶﾘ:T100%10/-(ﾔﾏﾃｯｸ) <S200>W,OY255TSD230/48ﾄﾞｳｶﾘ:T100%10/-(ﾔﾏﾃｯｸ) <S2,K,0,200,,937,2,2,在庫管理を行わない,課税,0,0,0,月別総平均,SFN,11,SFN,,非対象,N,,,,,,N/WS,,,,,240,200,171.4,150,133.3,120,120,120,,,,,,,,,表示する,
N/E2532,撚糸賃:E2532:ﾃ.TF<167T>SD150/48(20F):ﾅﾝﾔT.POY255TSD230/48ﾄﾞｳｶﾘ:ｴｺ100%SD10/-(ﾐﾏｽ)<S200>W,OY255TSD230/48ﾄﾞｳｶﾘ:ｴｺ100%SD10/-(ﾐﾏｽ)<S2,K,0,200,,937,2,2,在庫管理を行わない,課税,0,0,0,月別総平均,SFN,11,SFN,,非対象,N,,,,,,N/WS,,,,,240,200,171.4,150,133.3,120,120,120,,,,,,,,,表示する,
N/E2665,撚糸賃:E2665:ﾄｰﾚTF<84T>SD75/36(215) :ﾅﾝﾔT.POY<255T>SD230/48 :ﾄﾞｳｶﾘ<Z600>WS :,OY<255T>SD230/48 :ﾄﾞｳｶﾘ<Z600>WS :,K,0,600,,314,2,2,在庫管理を行わない,課税,0,0,0,月別総平均,SFN,11,SFN,,非対象,N,,,,,,N/WS,,,,,600,500,428.6,375,333.3,300,300,300,,,,,,,,,表示する,
N/E3881,撚糸賃:E3881:ﾅﾝﾔT.POYF<255T>SD230/48:ﾅﾝﾔCDPOYF140TSD/36(MC361):ﾄﾞｳｶﾘSA-2<Z150>G :,OYF140TSD/36(MC361):ﾄﾞｳｶﾘSA-2<Z150>G :,K,0,150,,307,2,2,在庫管理を行わない,課税,0,0,0,月別総平均,SFN,11,SFN,,非対象,N,,,,,,N/GK,,,,,240,200,171.4,150,133.3,120,120,120,,,,,,,,,表示する,
N/E3901,撚糸賃:E3901:ﾅﾝﾔT.POYF<255T>SD230/48:ﾅﾝﾔCDPOYF140TSD/36(MC369):ﾄﾞｳｶﾘSA-2<Z150>G :,OYF140TSD/36(MC369):ﾄﾞｳｶﾘSA-2<Z150>G :,K,0,150,,307,2,2,在庫管理を行わない,課税,0,0,0,月別総平均,SFN,11,SFN,,非対象,N,,,,,,N/GK,,,,,240,200,171.4,150,133.3,120,120,120,,,,,,,,,表示する,
N/E4314,撚糸賃:E4314:ﾄｰﾚTF<84T>SD75/36(215) :ﾅﾝﾔT.POYF<255T>SD230/48 :ﾄﾞｳｶﾘ<Z400>WS :,OYF<255T>SD230/48 :ﾄﾞｳｶﾘ<Z400>WS :,K,0,400,,314,2,2,在庫管理を行わない,課税,0,0,0,月別総平均,SFN,11,SFN,,非対象,N,,,,,,N/WS,,,,,320,267,228.6,200,177.8,160,160,160,,,,,,,,,表示する,
N/E4401,撚糸賃:E4401:ﾃ.TF<110T>SD100/48(20) :KB.CDF84TSD75/24ﾄﾞｳｶﾘMOLS:<Z150>G :,84TSD75/24ﾄﾞｳｶﾘMOLS:<Z150>G :,K,0,150,,180,2,2,在庫管理を行わない,課税,0,0,0,月別総平均,SFN,11,SFN,,非対象,N,,,,,,N/G,,,,,244,203,174.3,152.5,135.6,122,122,122,,,,,,,,,表示する,
N/E4468,撚糸賃:E4468:ﾃ.TF<110T>SD100/48(20) :KB.CDF84TSD75/24ﾄﾞｳｶﾘMOLS:(S200)WM/2<Z150>WS ｾｯﾄ70,84TSD75/24ﾄﾞｳｶﾘMOLS:(S200)WM/2<Z150>WS ｾ,K,0,150,,360,2,2,在庫管理を行わない,課税,0,0,0,月別総平均,SFN,11,SFN,,非対象,N,,,,,,N/WS,,,,,240,200,171.4,150,133.3,120,120,120,,,,,,,,,表示する,
N/E4478,撚糸賃:E4478:S2842(TF110TXKB.CDF84T):ﾄﾞｳｶﾘMOLS (S200)WM/2 :W.ﾍﾞﾙﾄﾛﾝ22T/<Z150>G ｾｯﾄ70:,OLS (S200)WM/2 :W.ﾍﾞﾙﾄﾛﾝ22T/<Z150>G ｾｯﾄ7,K,0,150,,380,2,2,在庫管理を行わない,課税,0,0,0,月別総平均,SFN,11,SFN,,非対象,N,,,,,,N/G,,,,,240,200,171.4,150,133.3,120,120,120,,,,,,,,,表示する,
N/E5286,撚糸賃:E5286:KB.CDF<84T>SD75/24 :ﾅﾝﾔT.POYF128TSD115/36 :ﾄﾞｳｶﾘ<Z800>WS :,28TSD115/36 :ﾄﾞｳｶﾘ<Z800>WS :,K,0,800,,196,2,2,在庫管理を行わない,課税,0,0,0,月別総平均,SFN,11,SFN,,非対象,N,,,,,,N/WS,,,,,480,400,342.9,300,266.7,240,240,240,,,,,,,,,表示する,
N/E7167,撚糸賃:E7167:Z10F<33T>SD30/12(B07) :BB.F<56T>BR50/30 :/WA<Z1200>WMｼｮｰﾄﾊﾟｰﾝ8KRPM:,T>BR50/30 :/WA<Z1200>WMｼｮｰﾄﾊﾟｰﾝ8KRPM:,K,0,1200,,80,2,2,在庫管理を行わない,課税,0,0,0,月別総平均,SFN,11,SFN,,非対象,N,,,,,,N/WM,,,,,900,750,642.9,562.5,500,450,450,450,,,,,,,,,表示する,
N/E7177,撚糸賃:E7177:Z10F<33T>SD30/12(B07) :BB.F<56T>BR50/30 :/WA<S1200>WMｼｮｰﾄﾊﾟｰﾝ8KRPM:,T>BR50/30 :/WA<S1200>WMｼｮｰﾄﾊﾟｰﾝ8KRPM:,K,0,1200,,80,2,2,在庫管理を行わない,課税,0,0,0,月別総平均,SFN,11,SFN,,非対象,N,,,,,,N/WM,,,,,900,750,642.9,562.5,500,450,450,450,,,,,,,,,表示する,
N/E7264,撚糸賃:E7264:ﾅ.CDFSDY84TSD/36(8C361):ﾅﾝﾔCDPOYF140TSD/36(MC349):ﾄﾞｳｶﾘ <Z400>WS :,OYF140TSD/36(MC349):ﾄﾞｳｶﾘ <Z400>WS :,K,0,400,,206,2,2,在庫管理を行わない,課税,0,0,0,月別総平均,SFN,11,SFN,,非対象,N,,,,,,N/WS,,,,,280,233,200,175,155.6,140,140,140,,,,,,,,,表示する,
N/E7384,撚糸賃:E7384:ﾅ.CDFSDY84TSD/36(8C373):ﾅﾝﾔCDPOYF140TSD/36(MC361):ﾄﾞｳｶﾘ <Z400>WS :,OYF140TSD/36(MC361):ﾄﾞｳｶﾘ <Z400>WS :,K,0,400,,200,2,2,在庫管理を行わない,課税,0,0,0,月別総平均,SFN,11,SFN,,非対象,N,,,,,,N/WS,,,,,280,233,200,175,155.6,140,140,140,,,,,,,,,表示する,
N/E7544,撚糸賃:E7544:ﾅﾝﾔCDF<84T>SD75/36 :ﾅﾝﾔCDPOYF140TSD(MC369) :ﾄﾞｳｶﾘ <Z400>WS :,40TSD(MC369) :ﾄﾞｳｶﾘ <Z400>WS :,K,0,400,,206,2,2,在庫管理を行わない,課税,0,0,0,月別総平均,SFN,11,SFN,,非対象,N,,,,,,N/WS,,,,,280,233,200,175,155.6,140,140,140,,,,,,,,,表示する,
N/F0818,撚糸賃:F0818:ﾃ.ﾐﾙﾊﾟ190TSD170/63Gﾘﾝｸﾞ:R0820(C100%XTACBR)(S700)G:ﾃ.TF<56T>SD/24(ZF)<Z400>,C100%XTACBR)(S700)G:ﾃ.TF<56T>SD/24(ZF)<Z,K,0,400,,1180,2,2,在庫管理を行わない,課税,0,0,0,月別総平均,SFN,11,SFN,,非対象,N,,,,,,N/G,,,,,400,333,285.7,250,222.2,200,200,200,,,,,,,,,表示する,
N/F1408,撚糸賃:F1408:ﾃ.ﾐﾙﾊﾟ190TSD170/63Gﾘﾝｸﾞ:TAC<135T>BR120/33/2(S700):TAC<135T>BR120/33 <Z400>,5T>BR120/33/2(S700):TAC<135T>BR120/33 <Z,K,0,400,,710,2,2,在庫管理を行わない,課税,0,0,0,月別総平均,SFN,11,SFN,,非対象,N,,,,,,N/G,,,,,400,333,285.7,250,222.2,200,200,200,,,,,,,,,表示する,
N/F1448,撚糸賃:F1448:ﾃ.ﾐﾙﾊﾟ190TSD170/63Gﾘﾝｸﾞ:RF<133T>BRﾎﾜｲﾄM W/2(S600):RF<133T>BRﾎﾜｲﾄM W<Z400>G,T>BRﾎﾜｲﾄM W/2(S600):RF<133T>BRﾎﾜｲﾄM W<Z4,K,0,400,,691,2,2,在庫管理を行わない,課税,0,0,0,月別総平均,SFN,11,SFN,,非対象,N,,,,,,N/G,,,,,300,250,214.3,187.5,166.7,150,150,150,,,,,,,,,表示する,
N/F1468,撚糸賃:F1468:ﾃ.ﾐﾙﾊﾟ190TSD170/63Gﾘﾝｸﾞ:TAC(ES)BR120/33/2(S700) :TAC(ES)BR120/33 <Z400>G :,)BR120/33/2(S700) :TAC(ES)BR120/33 <Z400,K,0,400,,616,2,2,在庫管理を行わない,課税,0,0,0,月別総平均,SFN,11,SFN,,非対象,N,,,,,,N/G,,,,,354,295,252.9,221.3,196.7,177,177,177,,,,,,,,,表示する,
N/F1698,撚糸賃:F1698:R100%(BR)40/-/2 S1000 :RF<133T>BRﾎﾜｲﾄM W/2(S700):RF<133T>BRﾎﾜｲﾄM W<Z400>G,>BRﾎﾜｲﾄM W/2(S700):RF<133T>BRﾎﾜｲﾄM W<Z40,K,0,400,,784,2,2,在庫管理を行わない,課税,0,0,0,月別総平均,SFN,11,SFN,,非対象,N,,,,,,N/G,,,,,360,300,257.1,225,200,180,180,180,,,,,,,,,表示する,
N/F2017,撚糸賃:F2017:ﾃｨﾌｨｺTF<56T>SD50/24(ZF):TAC<84T>BR75/20(LP9) :ﾜﾙﾂFSD84T/(Z275)<Z1000>G7: ｺ,T>BR75/20(LP9) :ﾜﾙﾂFSD84T/(Z275)<Z1000>G,K,0,1000,,250,2,2,在庫管理を行わない,課税,0,0,0,月別総平均,SFN,11,SFN,,非対象,N,,,,,,N/G,,,,,900,750,642.9,562.5,500,450,450,450,,,,,,,,,表示する,
N/F2246,撚糸賃:F2246:ﾃ.TW110TSD/24Z(20)(70ﾟ):ﾃｨﾌｨｺTW167TSD/48Z(20)70ﾟC:ﾃ.TF56TSD/24(ZF) <S800>G,W167TSD/48Z(20)70ﾟC:ﾃ.TF56TSD/24(ZF) <S8,K,0,800,,371,2,2,在庫管理を行わない,課税,0,0,0,月別総平均,SFN,11,SFN,,非対象,N,,,,,,N/G,,,,,660,550,471.4,412.5,366.7,330,330,330,,,,,,,,,表示する,
N/G1064,撚糸賃:G1064:ﾃｨﾌｨｺTW56TSD(Z300)WMｻｷ :TAC(ES)<167T>BR150/40 :<Z400>WS :,)<167T>BR150/40 :<Z400>WS :,K,0,400,,202,2,2,在庫管理を行わない,課税,0,0,0,月別総平均,SFN,11,SFN,,非対象,N,,,,,,N/WS,,,,,272,227,194.3,170,151.1,136,136,136,,,,,,,,,表示する,
N/G1936,撚糸賃:G1936:EW<84T>SD75/36(SPX) :TAC(ES)<167T>BR150/40 :<S800>WS :,67T>BR150/40 :<S800>WS :,K,0,800,,225,2,2,在庫管理を行わない,課税,0,0,0,月別総平均,SFN,11,SFN,,非対象,N,,,,,,N/WS,,,,,464,387,331.4,290,257.8,232,232,232,,,,,,,,,表示する,
N/G3007,撚糸賃:G3007:ﾅﾝﾔPEW<22T>SD20/24(S) :TAC<61T>BR55/15 :<Z1600>WM :,>BR55/15 :<Z1600>WM :,K,0,1600,,75,2,2,在庫管理を行わない,課税,0,0,0,月別総平均,SFN,11,SFN,,非対象,N,,,,,,N/WM,,,,,800,667,571.4,500,444.4,400,400,400,,,,,,,,,表示する,
N/G3017,撚糸賃:G3017:ﾅﾝﾔPEW<22T>SD20/24(Z) :TAC<61T>BR55/15 :<S1600>WM :,>BR55/15 :<S1600>WM :,K,0,1600,,75,2,2,在庫管理を行わない,課税,0,0,0,月別総平均,SFN,11,SFN,,非対象,N,,,,,,N/WM,,,,,800,667,571.4,500,444.4,400,400,400,,,,,,,,,表示する,
N/G3155,撚糸賃:G3155:TW<56T>SD50/36(Z) :TAC(SJ)<84T>BR75/20 :<Z600>WM :,>BR75/20 :<Z600>WM :,K,0,600,,127,2,2,在庫管理を行わない,課税,0,0,0,月別総平均,SFN,11,SFN,,非対象,N,,,,,,N/WM,,,,,354,295,252.9,221.3,196.7,177,177,177,,,,,,,,,表示する,
N/G4024,撚糸賃:G4024:ﾃｨﾌｨｺTW110TSD(Z300)WMｻｷ:TAC<110T>BR100/26/2 :<Z400>WS :,0T>BR100/26/2 :<Z400>WS :,K,0,400,,306,2,2,在庫管理を行わない,課税,0,0,0,月別総平均,SFN,11,SFN,,非対象,N,,,,,,N/WS,,,,,280,233,200,175,155.6,140,140,140,,,,,,,,,表示する,
N/G4044,撚糸賃:G4044:ﾃｨﾌｨｺTW110TSD(Z300)WMｻｷ:TAC(ES)<110T>BR100/26/2 :<Z400>WS :,)<110T>BR100/26/2 :<Z400>WS :,K,0,400,,306,2,2,在庫管理を行わない,課税,0,0,0,月別総平均,SFN,11,SFN,,非対象,N,,,,,,N/WS,,,,,280,233,200,175,155.6,140,140,140,,,,,,,,,表示する,
N/G4064,撚糸賃:G4064:ﾃ.TW<110T>ｲﾀｸｻｷﾖﾘ(ｼﾞﾖﾘ):ｲｰｽﾄﾏﾝACF<84T>BR75/19/2 :<Z400>WS :,ACF<84T>BR75/19/2 :<Z400>WS :,K,0,400,,253,2,2,在庫管理を行わない,課税,0,0,0,月別総平均,SFN,11,SFN,,非対象,N,,,,,,N/WS,,,,,300,250,214.3,187.5,166.7,150,150,150,,,,,,,,,表示する,
N/G4084,撚糸賃:G4084:ﾃ.TW<110T>ｲﾀｸｻｷﾖﾘ(ｼﾞﾖﾘ):TAC(ES)<110T>BR100/26/2 :<Z400>WS :,)<110T>BR100/26/2 :<Z400>WS :,K,0,400,,306,2,2,在庫管理を行わない,課税,0,0,0,月別総平均,SFN,11,SFN,,非対象,N,,,,,,N/WS,,,,,280,233,200,175,155.6,140,140,140,,,,,,,,,表示する,
N/G4848,撚糸賃:G4848:ﾅﾝﾔT.POYW255TSD230/48Z :ｵｰﾛﾗ(120ｷﾘ)88D S200 WS :<Z400>G :,20ｷﾘ)88D S200 WS :<Z400>G :,K,0,400,,253,2,2,在庫管理を行わない,課税,0,0,0,月別総平均,SFN,11,SFN,,非対象,N,,,,,,N/G,,,,,500,417,357.1,312.5,277.8,250,250,250,,,,,,,,,表示する,
N/H1137,撚糸賃:H1137:OHS.2F<110T>SD100/24 :ﾙﾐﾚｯﾄ85R15 40/-(ﾏﾙｲﾁｾﾝｲ) :<S1200>WS MK 85ﾟ-30 :,15 40/-(ﾏﾙｲﾁｾﾝｲ) :<S1200>WS MK 85ﾟ-30 :,K,0,1200,,233,2,2,在庫管理を行わない,課税,0,0,0,月別総平均,SFN,11,SFN,,非対象,N,,,,,,N/WS,,,,,900,750,642.9,562.5,500,450,450,450,,,,,,,,,表示する,
N/H2118,撚糸賃:H2118:T100%SL16/-XR100%SL16/-:T50RLSL24/-(S400)WSMK /2 :Tｷﾞﾝﾗﾒ(B2)S200<Z150>G :,L24/-(S400)WSMK /2 :Tｷﾞﾝﾗﾒ(B2)S200<Z150>,K,0,150,,1569,2,2,在庫管理を行わない,課税,0,0,0,月別総平均,SFN,11,SFN,,非対象,N,,,,,,N/G,,,,,0,0,0,0,0,0,0,0,,,,,,,,,表示する,
N/H3504,撚糸賃:H3504:TAC<167T>BR150/40 /2 :ｱｻ(RA)100% 60/- : <Z400>WS MK :,0% 60/- : <Z400>WS MK :,K,0,400,,389,2,2,在庫管理を行わない,課税,0,0,0,月別総平均,SFN,11,SFN,,非対象,N,,,,,,N/WS,,,,,340,283,242.9,212.5,188.9,170,170,170,,,,,,,,,表示する,
N/H3544,撚糸賃:H3544:TAC<167T>BR150/40/2 :RA(ﾗﾐｰ)100%60/- :<Z400>WS MK :,0%60/- :<Z400>WS MK :,K,0,400,,389,2,2,在庫管理を行わない,課税,0,0,0,月別総平均,SFN,11,SFN,,非対象,N,,,,,,N/WS,,,,,340,283,242.9,212.5,188.9,170,170,170,,,,,,,,,表示する,
N/J3905,撚糸賃:J3905:PA.TFSD100/24XTABR75/20:TFSD75/XT.POYFSD230/ﾄﾞｳｶﾘ:<Z600>WS :,/XT.POYFSD230/ﾄﾞｳｶﾘ:<Z600>WS :,K,0,600,,562,2,2,在庫管理を行わない,課税,0,0,0,月別総平均,SFN,11,SFN,,非対象,N,,,,,,N/WS,,,,,360,300,257.1,225,200,180,180,180,,,,,,,,,表示する,
N/J3935,撚糸賃:J3935:PA.ﾃｨﾌｨｺTFSD100/24(20) :X TAC84TBR75/20(LP9) :/2<S600>WS ｾｯﾄ85ﾟC30 :,4TBR75/20(LP9) :/2<S600>WS ｾｯﾄ85ﾟC30 :,K,0,600,,492,2,2,在庫管理を行わない,課税,0,0,0,月別総平均,SFN,11,SFN,,非対象,N,,,,,,N/WS,,,,,400,333,285.7,250,222.2,200,200,200,,,,,,,,,表示する,
N/J3955,撚糸賃:J3955:PA.ﾃｨﾌｨｺTFSD100/24(20) :X TAC(ES)84TBR75/20(LP9) :/2<S600>WS ｾｯﾄ85ﾟC30 :,ES)84TBR75/20(LP9) :/2<S600>WS ｾｯﾄ85ﾟC30,K,0,600,,481,2,2,在庫管理を行わない,課税,0,0,0,月別総平均,SFN,11,SFN,,非対象,N,,,,,,N/WS,,,,,400,333,285.7,250,222.2,200,200,200,,,,,,,,,表示する,
N/J6484,撚糸賃:J6484:PA.ﾃｨﾌｨｺTFSD100/24(20) :X TAC<167T>BR150/40 ST5ｶｲ:T100%SD30/-(ﾈｼｱ) <Z400>W,167T>BR150/40 ST5ｶｲ:T100%SD30/-(ﾈｼｱ) <Z4,K,0,400,,583,2,2,在庫管理を行わない,課税,0,0,0,月別総平均,SFN,11,SFN,,非対象,N,,,,,,N/WS,,,,,280,233,200,175,155.6,140,140,140,,,,,,,,,表示する,
N/J6524,撚糸賃:J6524:PA.ﾃｨﾌｨｺTFSD100/24(20) :X TAC(ES)BR167T40 ST5ｶｲ :TAC(ES)BR167T40<Z400>WS :,ES)BR167T40 ST5ｶｲ :TAC(ES)BR167T40<Z400>,K,0,400,,530,2,2,在庫管理を行わない,課税,0,0,0,月別総平均,SFN,11,SFN,,非対象,N,,,,,,N/WS,,,,,280,233,200,175,155.6,140,140,140,,,,,,,,,表示する,
N/J6544,撚糸賃:J6544:PA.ﾃｨﾌｨｺTF110TSD100/24 :X TAC<167T>BR150/40 ST5ｶｲ:T100%SD30/-(ﾈｼｱ) <Z400>W,167T>BR150/40 ST5ｶｲ:T100%SD30/-(ﾈｼｱ) <Z4,K,0,400,,583,2,2,在庫管理を行わない,課税,0,0,0,月別総平均,SFN,11,SFN,,非対象,N,,,,,,N/WS,,,,,340,283,242.9,212.5,188.9,170,170,170,,,,,,,,,表示する,
N/J6864,撚糸賃:J6864:LPA.TF<84T>SD75/36(215):XTAC(ES)<84T>BR75/20(LP9):TAC(ES)BR150/40<Z400>WS,S)<84T>BR75/20(LP9):TAC(ES)BR150/40<Z400,K,0,400,,370,2,2,在庫管理を行わない,課税,0,0,0,月別総平均,SFN,11,SFN,,非対象,N,,,,,,N/WS,,,,,280,233,200,175,155.6,140,140,140,,,,,,,,,表示する,
N/M0953,撚糸賃:M0953:TW(DTY)<330T>SD300/96/2:(ｻｷｿﾞﾒSFBL-2ﾌﾞﾙｰ)<S250>G : :,SFBL-2ﾌﾞﾙｰ)<S250>G : :,K,0,250,,670,2,2,在庫管理を行わない,課税,0,0,0,月別総平均,SFN,11,SFN,,非対象,N,,,,,,N/G,,,,,400,333,285.7,250,222.2,200,200,200,,,,,,,,,表示する,
N/M0973,撚糸賃:M0973:TW(DTY)<330T>SD300/96/2:(ｻｷｿﾞﾒSFGR-2ｸﾞﾘｰﾝ)<S250>G: :,SFGR-2ｸﾞﾘｰﾝ)<S250>G: :,K,0,250,,670,2,2,在庫管理を行わない,課税,0,0,0,月別総平均,SFN,11,SFN,,非対象,N,,,,,,N/G,,,,,400,333,285.7,250,222.2,200,200,200,,,,,,,,,表示する,
N/M0993,撚糸賃:M0993:TW(DTY)<330T>SD300/96/2:(ｻｷｿﾞﾒSFSV-3ｼﾙﾊﾞｰ)<S250>G: :,SFSV-3ｼﾙﾊﾞｰ)<S250>G: :,K,0,250,,670,2,2,在庫管理を行わない,課税,0,0,0,月別総平均,SFN,11,SFN,,非対象,N,,,,,,N/G,,,,,400,333,285.7,250,222.2,200,200,200,,,,,,,,,表示する,
N/M1013,撚糸賃:M1013:TW(DTY)<330T>SD300/96/2:(ｻｷｿﾞﾒSFDG-2Dｸﾞﾚｰ)<S250>G: :,SFDG-2Dｸﾞﾚｰ)<S250>G: :,K,0,250,,670,2,2,在庫管理を行わない,課税,0,0,0,月別総平均,SFN,11,SFN,,非対象,N,,,,,,N/G,,,,,400,333,285.7,250,222.2,200,200,200,,,,,,,,,表示する,
N/N0803,撚糸賃:N0803:TAC<84T>BR75/20(LP9) :RF84TBR(ｲｰｸﾞﾚｯﾄ)Z1600ｲﾀﾘｰ:(RF=84D) <Z300>G :,ｲｰｸﾞﾚｯﾄ)Z1600ｲﾀﾘｰ:(RF=84D) <Z300>G :,K,0,300,,157,2,2,在庫管理を行わない,課税,0,0,0,月別総平均,SFN,11,SFN,,非対象,N,,,,,,N/G,,,,,400,333,285.7,250,222.2,200,200,200,,,,,,,,,表示する,
N/N0813,撚糸賃:N0813:TAC<84T>BR75/20(LP9) :RF84TBR(ｲｰｸﾞﾚｯﾄ)S1600ｲﾀﾘｰ:(RF=84D) <S300>G :,ｲｰｸﾞﾚｯﾄ)S1600ｲﾀﾘｰ:(RF=84D) <S300>G :,K,0,300,,157,2,2,在庫管理を行わない,課税,0,0,0,月別総平均,SFN,11,SFN,,非対象,N,,,,,,N/G,,,,,400,333,285.7,250,222.2,200,200,200,,,,,,,,,表示する,
N/N1206,撚糸賃:N1206:ﾄｰﾚTF<33T>SD30/12(262) :RF<133T>BR120/44(ｲｰｸﾞﾚｯﾄ):<Z800>ｲﾀﾘｰ :,T>BR120/44(ｲｰｸﾞﾚｯﾄ):<Z800>ｲﾀﾘｰ :,K,0,800,,150,2,2,在庫管理を行わない,課税,0,0,0,月別総平均,SFN,11,SFN,,非対象,N,,,,,,N/I,,,,,500,417,357.1,312.5,277.8,250,250,250,,,,,,,,,表示する,
N/N1216,撚糸賃:N1216:ﾄｰﾚTF<33T>SD30/12(262) :RF<133T>BR120/44(ｲｰｸﾞﾚｯﾄ):<S800>ｲﾀﾘｰ :,T>BR120/44(ｲｰｸﾞﾚｯﾄ):<S800>ｲﾀﾘｰ :,K,0,800,,150,2,2,在庫管理を行わない,課税,0,0,0,月別総平均,SFN,11,SFN,,非対象,N,,,,,,N/I,,,,,500,417,357.1,312.5,277.8,250,250,250,,,,,,,,,表示する,
N/N1307,撚糸賃:N1307:EF(A210)<22T>SD20/12 :RF<84T>BR75/30(ｲｰｸﾞﾚｯﾄ) :<Z1400>ｲﾀﾘｰ :,R75/30(ｲｰｸﾞﾚｯﾄ) :<Z1400>ｲﾀﾘｰ :,K,0,1400,,95,2,2,在庫管理を行わない,課税,0,0,0,月別総平均,SFN,11,SFN,,非対象,N,,,,,,N/I,,,,,600,500,428.6,375,333.3,300,300,300,,,,,,,,,表示する,
N/N1317,撚糸賃:N1317:EF(A210)<22T>SD20/12 :RF<84T>BR75/30(ｲｰｸﾞﾚｯﾄ) :<S1400>ｲﾀﾘｰ :,R75/30(ｲｰｸﾞﾚｯﾄ) :<S1400>ｲﾀﾘｰ :,K,0,1400,,95,2,2,在庫管理を行わない,課税,0,0,0,月別総平均,SFN,11,SFN,,非対象,N,,,,,,N/I,,,,,600,500,428.6,375,333.3,300,300,300,,,,,,,,,表示する,
N/N1823,撚糸賃:N1823:TAC<135T>DL120/55(4R) :RF84TBR(ｲｰｸﾞﾚｯﾄ)Z1600ｲﾀﾘｰ:<Z300>G :,(ｲｰｸﾞﾚｯﾄ)Z1600ｲﾀﾘｰ:<Z300>G :,K,0,300,,204,2,2,在庫管理を行わない,課税,0,0,0,月別総平均,SFN,11,SFN,,非対象,N,,,,,,N/G,,,,,400,333,285.7,250,222.2,200,200,200,,,,,,,,,表示する,
N/N1833,撚糸賃:N1833:TAC<135T>DL120/55(4R) :RF84TBR(ｲｰｸﾞﾚｯﾄ)S1600ｲﾀﾘｰ:<S300>G :,(ｲｰｸﾞﾚｯﾄ)S1600ｲﾀﾘｰ:<S300>G :,K,0,300,,204,2,2,在庫管理を行わない,課税,0,0,0,月別総平均,SFN,11,SFN,,非対象,N,,,,,,N/G,,,,,400,333,285.7,250,222.2,200,200,200,,,,,,,,,表示する,
N/N1863,撚糸賃:N1863:ﾘﾝﾀﾞF<110T>BR100/26 :BB.F<56T>BR50/30Z2400ｲﾀﾘｰ:<Z300>G :,BR50/30Z2400ｲﾀﾘｰ:<Z300>G :,K,0,300,,155,2,2,在庫管理を行わない,課税,0,0,0,月別総平均,SFN,11,SFN,,非対象,N,,,,,,N/G,,,,,700,583,500,437.5,388.9,350,350,350,,,,,,,,,表示する,
N/N1873,撚糸賃:N1873:ﾘﾝﾀﾞF<110T>BR100/26 :BB.F<56T>BR50/30S2400ｲﾀﾘｰ:<S300>G :,BR50/30S2400ｲﾀﾘｰ:<S300>G :,K,0,300,,155,2,2,在庫管理を行わない,課税,0,0,0,月別総平均,SFN,11,SFN,,非対象,N,,,,,,N/G,,,,,700,583,500,437.5,388.9,350,350,350,,,,,,,,,表示する,
N/N1943,撚糸賃:N1943:RF<84T>BR75/30(ｲｰｸﾞﾚｯﾄ):BB.FBR50/30Z2400ｲﾀﾘｰ :<Z300>G :,50/30Z2400ｲﾀﾘｰ :<Z300>G :,K,0,300,,131,2,2,在庫管理を行わない,課税,0,0,0,月別総平均,SFN,11,SFN,,非対象,N,,,,,,N/G,,,,,400,333,285.7,250,222.2,200,200,200,,,,,,,,,表示する,
N/N1953,撚糸賃:N1953:RF<84T>BR75/30(ｲｰｸﾞﾚｯﾄ):BB.FBR50/30S2400ｲﾀﾘｰ :<S300>G :,50/30S2400ｲﾀﾘｰ :<S300>G :,K,0,300,,131,2,2,在庫管理を行わない,課税,0,0,0,月別総平均,SFN,11,SFN,,非対象,N,,,,,,N/G,,,,,400,333,285.7,250,222.2,200,200,200,,,,,,,,,表示する,
N/N1963,撚糸賃:N1963:BB.F<84T>BR75/45 :BB.FBR50/30Z2400ｲﾀﾘｰ :<Z300>G :,2400ｲﾀﾘｰ :<Z300>G :,K,0,,,,2,2,在庫管理を行わない,課税,0,0,0,月別総平均,SFN,11,SFN,,非対象,N,,,,,,,,,,,0,0,0,0,0,0,0,0,,,,,,,,,表示する,
N/N1973,撚糸賃:N1973:BB.F<84T>BR75/45 :BB.FBR50/30S2400ｲﾀﾘｰ :<S300>G :,2400ｲﾀﾘｰ :<S300>G :,K,0,,,,2,2,在庫管理を行わない,課税,0,0,0,月別総平均,SFN,11,SFN,,非対象,N,,,,,,,,,,,0,0,0,0,0,0,0,0,,,,,,,,,表示する,
N/R0819,撚糸賃:R0819:ﾃ.ﾐﾙﾊﾟ190TSD170/63Gﾘﾝｸﾞ:R0820(C100%30X TAC220TBR):(S700)G : ｺﾞｳﾈﾝﾘﾝｸﾞ,C100%30X TAC220TBR):(S700)G : ｺﾞｳﾈﾝﾘﾝｸﾞ,K,0,700,,1127,2,2,在庫管理を行わない,課税,0,0,0,月別総平均,SFN,11,SFN,,非対象,N,,,,,,N/G,,,,,800,667,571.4,500,444.4,400,400,400,,,,,,,,,表示する,
N/R0820,撚糸賃:R0820:C100% 30/- :TAC<220T>BR200/34 :<R0819 ﾊﾅｲﾄ> :,:<R0819 ﾊﾅｲﾄ> :,K,0,1,,937,2,2,在庫管理を行わない,課税,0,0,0,月別総平均,SFN,11,SFN,,非対象,N,,,,,,N/G,,,,,0,0,0,0,0,0,0,0,,,,,,,,,表示する,
N/R1409,撚糸賃:R1409:ﾃ.ﾐﾙﾊﾟ190TSD170/63Gﾘﾝｸﾞ:TAC<135T>BR120/33/2 :(S700)G : ｺﾞｳﾈﾝ ｽﾚｰﾄ,5T>BR120/33/2 :(S700)G : ｺﾞｳﾈﾝ ｽﾚｰﾄ,K,0,700,,586,2,2,在庫管理を行わない,課税,0,0,0,月別総平均,SFN,11,SFN,,非対象,N,,,,,,N/G,,,,,700,583,500,437.5,388.9,350,350,350,,,,,,,,,表示する,
N/R1445,撚糸賃:R1445:ﾃ.ﾐﾙﾊﾟ190TSD170/63Gﾘﾝｸﾞ:RF<133T>BR/30ﾎﾜｲﾄM (W)/2 :(S600)G : ｺﾞｳﾈﾝ ｽﾚｰﾄ,T>BR/30ﾎﾜｲﾄM (W)/2 :(S600)G : ｺﾞｳﾈﾝ ｽﾚｰﾄ,K,0,600,,586,2,2,在庫管理を行わない,課税,0,0,0,月別総平均,SFN,11,SFN,,非対象,N,,,,,,N/G,,,,,400,333,285.7,250,222.2,200,200,200,,,,,,,,,表示する,
N/R1469,撚糸賃:R1469:ﾃ.ﾐﾙﾊﾟ190TSD170/63Gﾘﾝｸﾞ:TAC(ES)<135T>BR120/33/2 :(S700)G : ｺﾞｳﾈﾝ ｽﾚｰﾄ,)<135T>BR120/33/2 :(S700)G : ｺﾞｳﾈﾝ ｽﾚｰﾄ,K,0,700,,496,2,2,在庫管理を行わない,課税,0,0,0,月別総平均,SFN,11,SFN,,非対象,N,,,,,,N/G,,,,,464,387,331.4,290,257.8,232,232,232,,,,,,,,,表示する,
N/R1779,撚糸賃:R1779:R100%(BR)40/-/2 S1000 :RF<133T>BR120/30ﾎﾜｲﾄM W/2:(S700)G : ｺﾞｳﾈﾝ ｽﾚｰﾄ,>BR120/30ﾎﾜｲﾄM W/2:(S700)G : ｺﾞｳﾈﾝ ｽﾚｰﾄ,K,0,700,,658,2,2,在庫管理を行わない,課税,0,0,0,月別総平均,SFN,11,SFN,,非対象,N,,,,,,N/G,,,,,700,583,500,437.5,388.9,350,350,350,,,,,,,,,表示する,
N/S2842,撚糸賃:S2842:ﾃ.TF<110T>SD100/48(20) :KB.CDF84TSD75/24ﾄﾞｳｶﾘMOLS:(S200)WM :,84TSD75/24ﾄﾞｳｶﾘMOLS:(S200)WM :,K,0,200,,180,2,2,在庫管理を行わない,課税,0,0,0,月別総平均,SFN,11,SFN,,非対象,N,,,,,,N/WM,,,,,300,250,214.3,187.5,166.7,150,150,150,,,,,,,,,表示する,
N/V2114,撚糸賃:V2114:T100%SL(34) 16/-(Y) :R100%(BR)SL 16/- :T50RLSL24/- <S400>WSMK :,SL 16/- :T50RLSL24/- <S400>WSMK :,K,0,400,,886,2,2,在庫管理を行わない,課税,0,0,0,月別総平均,SFN,11,SFN,,非対象,N,,,,,,N/WS,,,,,400,333,285.7,250,222.2,200,200,200,,,,,,,,,表示する,
N/W1446,撚糸賃:W1446:Z10F<56T>SD50/12(B13) :ﾅﾝﾔT.POYF<128T>SD115/36 :ﾄﾞｳｶﾘMOLS <Z800>WM :,YF<128T>SD115/36 :ﾄﾞｳｶﾘMOLS <Z800>WM :,K,0,800,,170,2,2,在庫管理を行わない,課税,0,0,0,月別総平均,SFN,11,SFN,,非対象,N,,,,,,N/WM,,,,,500,417,357.1,312.5,277.8,250,250,250,,,,,,,,,表示する,
N/W1686,撚糸賃:W1686:ﾃｨﾌｨｺTF84TSD75/24(03F) :ﾅﾝﾔT.POYF<128T>SD115/36 :ﾄﾞｳｶﾘ<Z800>WS :,OYF<128T>SD115/36 :ﾄﾞｳｶﾘ<Z800>WS :,K,0,800,,196,2,2,在庫管理を行わない,課税,0,0,0,月別総平均,SFN,11,SFN,,非対象,N,,,,,,N/WS,,,,,280,233,200,175,155.6,140,140,140,,,,,,,,,表示する,
N/W1921,撚糸賃:W1921:ﾄｰﾚTF<84T>SD75/36(215) :ﾅﾝﾔT.POYF<255T>SD230/48 :ﾄﾞｳｶﾘ /2<Z150>WS :,OYF<255T>SD230/48 :ﾄﾞｳｶﾘ /2<Z150>WS :,K,0,150,,628,2,2,在庫管理を行わない,課税,0,0,0,月別総平均,SFN,11,SFN,,非対象,N,,,,,,N/WS,,,,,280,233,200,175,155.6,140,140,140,,,,,,,,,表示する,
N/W2487,撚糸賃:W2487:Z10F<33T>SD30/12(B08) :TAC<84T>BR75/20(LP9) :/WA<Z1200>WMｼｮｰﾄﾊﾟｰﾝ6KRPM:,>BR75/20(LP9) :/WA<Z1200>WMｼｮｰﾄﾊﾟｰﾝ6KRPM,K,0,1200,,105,2,2,在庫管理を行わない,課税,0,0,0,月別総平均,SFN,11,SFN,,非対象,N,,,,,,N/WM,,,,,0,0,0,0,0,0,0,0,,,,,,,,,表示する,
N/W2497,撚糸賃:W2497:Z10F<33T>SD30/12(B08) :TAC<84T>BR75/20(LP9) :/WA<S1200>WMｼｮｰﾄﾊﾟｰﾝ6KRPM:,>BR75/20(LP9) :/WA<S1200>WMｼｮｰﾄﾊﾟｰﾝ6KRPM,K,0,1200,,105,2,2,在庫管理を行わない,課税,0,0,0,月別総平均,SFN,11,SFN,,非対象,N,,,,,,N/WM,,,,,0,0,0,0,0,0,0,0,,,,,,,,,表示する,
N/W2854,撚糸賃:W2854:T600EB<83T>SD75/36 :ﾅﾝﾔｴｺPOY(ｹﾐｶﾙ)278T(M96D9):ﾄﾞｳｶﾘ <Z400>G :,ﾐｶﾙ)278T(M96D9):ﾄﾞｳｶﾘ <Z400>G :,K,0,400,,335,2,2,在庫管理を行わない,課税,0,0,0,月別総平均,SFN,11,SFN,,非対象,N,,,,,,N/G,,,,,280,233,200,175,155.6,140,140,140,,,,,,,,,表示する,
N/W2864,撚糸賃:W2864:ﾃｨﾌｨｺTF84TSD75/24(03F) :ﾅﾝﾔｴｺPOY(ｹﾐｶﾙ)278T(M96D9):ﾄﾞｳｶﾘ <Z400>WS :,OY(ｹﾐｶﾙ)278T(M96D9):ﾄﾞｳｶﾘ <Z400>WS :,K,0,400,,335,2,2,在庫管理を行わない,課税,0,0,0,月別総平均,SFN,11,SFN,,非対象,N,,,,,,N/WS,,,,,280,233,200,175,155.6,140,140,140,,,,,,,,,表示する,
N/Y5161,撚糸賃:Y5161:ACB84TXTWSD56T36/2 :S500T/M : :,:,K,0,500,,175,2,2,在庫管理を行わない,課税,0,0,0,月別総平均,SFN,11,SFN,,非対象,N,,,,,,N/I,,,,,240,200,171.4,150,133.3,120,120,120,,,,,,,,,表示する,
N/Y5171,撚糸賃:Y5171:ACB84TXTWSD56T36/2 :S500T/M+S1500T/M(ｲﾀﾘｰ) : :,500T/M(ｲﾀﾘｰ) : :,K,0,1500,,175,2,2,在庫管理を行わない,課税,0,0,0,月別総平均,SFN,11,SFN,,非対象,N,,,,,,N/I,,,,,460,383,328.6,287.5,255.6,230,230,230,,,,,,,,,表示する,
N/Y5181,撚糸賃:Y5181:ACB84TXTWSD56T36/2 :Z500T/M(ｲﾀﾘｰ) : :,ﾘｰ) : :,K,0,500,,175,2,2,在庫管理を行わない,課税,0,0,0,月別総平均,SFN,11,SFN,,非対象,N,,,,,,N/I,,,,,240,200,171.4,150,133.3,120,120,120,,,,,,,,,表示する,
N/Y5191,撚糸賃:Y5191:ACB84TXTWSD56T36/2 :Z500T/M+Z1500T/M(ｲﾀﾘｰ) : :,500T/M(ｲﾀﾘｰ) : :,K,0,1500,,175,2,2,在庫管理を行わない,課税,0,0,0,月別総平均,SFN,11,SFN,,非対象,N,,,,,,N/I,,,,,460,383,328.6,287.5,255.6,230,230,230,,,,,,,,,表示する,
