íSìñ,åüç∏ì˙,ì`ï[î‘çÜ ,ìEóv ,ïœä∑ì˙ ,íSìñé“ ,ç›å…ïœä∑ãÊï™ ,éwê}î‘çÜ ,ìæà”êÊ ,ëqå…ÉRÅ[Éh ,å≥ëqå…ÉRÅ[Éh ,å≥íSìñé“ 
L,2016/12/12,1127,,2016-12-12,L,5,,,HARA,HARA,L
L,2016/12/13,1128,,2016-12-13,L,5,,,HARA,HARA,L
L,2016/12/14,1129,,2016-12-14,L,5,,,HARA,HARA,L
L,2016/12/15,1130,,2016-12-15,L,5,,,HARA,HARA,L
L,2016/12/16,1131,,2016-12-16,L,5,,,HARA,HARA,L
L,2016/12/17,1132,,2016-12-17,L,5,,,HARA,HARA,L
L,2016/12/19,1133,,2016-12-19,L,5,,,HARA,HARA,L
L,2016/12/20,1134,,2016-12-20,L,5,,,HARA,HARA,L
L,2016/12/21,1135,,2016-12-21,L,5,,,HARA,HARA,L
L,2016/12/22,1136,,2016-12-22,L,5,,,HARA,HARA,L
L,2016/12/23,1137,,2016-12-23,L,5,,,HARA,HARA,L
L,2016/12/24,1138,,2016-12-24,L,5,,,HARA,HARA,L
L,2016/12/26,1139,,2016-12-26,L,5,,,HARA,HARA,L
L,2016/12/27,1140,,2016-12-27,L,5,,,HARA,HARA,L
L,2016/12/28,1141,,2016-12-28,L,5,,,HARA,HARA,L
L,2017/1/5,1142,,2017-01-05,L,5,,,HARA,HARA,L
L,2017/1/6,1143,,2017-01-06,L,5,,,HARA,HARA,L
L,2017/1/7,1144,,2017-01-07,L,5,,,HARA,HARA,L
L,2017/1/9,1145,,2017-01-09,L,5,,,HARA,HARA,L
L,2017/1/10,1146,,2017-01-10,L,5,,,HARA,HARA,L
L,2017/1/11,1147,,2017-01-11,L,5,,,HARA,HARA,L
L,2017/1/12,1148,,2017-01-12,L,5,,,HARA,HARA,L
L,2017/1/13,1149,,2017-01-13,L,5,,,HARA,HARA,L
L,2017/1/16,1150,,2017-01-16,L,5,,,HARA,HARA,L
L,2017/1/17,1151,,2017-01-17,L,5,,,HARA,HARA,L
L,2017/1/18,1152,,2017-01-18,L,5,,,HARA,HARA,L
L,2017/1/19,1153,,2017-01-19,L,5,,,HARA,HARA,L
L,2017/1/20,1154,,2017-01-20,L,5,,,HARA,HARA,L
L,2017/1/21,1155,,2017-01-21,L,5,,,HARA,HARA,L
L,2017/1/23,1156,,2017-01-23,L,5,,,HARA,HARA,L
L,2017/1/24,1157,,2017-01-24,L,5,,,HARA,HARA,L
L,2017/1/25,1158,,2017-01-25,L,5,,,HARA,HARA,L
L,2017/1/30,1159,,2017-01-30,L,5,,,HARA,HARA,L
L,2017/1/31,1160,,2017-01-31,L,5,,,HARA,HARA,L
L,2017/2/1,1161,,2017-02-01,L,5,,,HARA,HARA,L
L,2017/2/2,1162,,2017-02-02,L,5,,,HARA,HARA,L
L,2017/2/3,1163,,2017-02-03,L,5,,,HARA,HARA,L
L,2017/2/4,1164,,2017-02-04,L,5,,,HARA,HARA,L
L,2017/2/6,1165,,2017-02-06,L,5,,,HARA,HARA,L
L,2017/2/7,1166,,2017-02-07,L,5,,,HARA,HARA,L
L,2017/2/8,1167,,2017-02-08,L,5,,,HARA,HARA,L
L,2017/2/9,1168,,2017-02-09,L,5,,,HARA,HARA,L
M,2007/1/17,1169,,2007-01-17,M,5,,,HARA,HARA,M
M,2009/9/29,1170,,2009-09-29,M,5,,,HARA,HARA,M
M,2010/5/11,1171,,2010-05-11,M,5,,,HARA,HARA,M
M,2010/5/12,1172,,2010-05-12,M,5,,,HARA,HARA,M
M,2010/6/14,1173,,2010-06-14,M,5,,,HARA,HARA,M
M,2010/10/29,1174,,2010-10-29,M,5,,,HARA,HARA,M
M,2010/10/30,1175,,2010-10-30,M,5,,,HARA,HARA,M
M,2011/6/16,1176,,2011-06-16,M,5,,,HARA,HARA,M
M,2012/11/5,1177,,2012-11-05,M,5,,,HARA,HARA,M
M,2013/2/7,1178,,2013-02-07,M,5,,,HARA,HARA,M
M,2013/2/14,1179,,2013-02-14,M,5,,,HARA,HARA,M
M,2013/6/10,1180,,2013-06-10,M,5,,,HARA,HARA,M
M,2013/6/12,1181,,2013-06-12,M,5,,,HARA,HARA,M
M,2013/6/13,1182,,2013-06-13,M,5,,,HARA,HARA,M
M,2013/8/1,1183,,2013-08-01,M,5,,,HARA,HARA,M
M,2014/3/12,1184,,2014-03-12,M,5,,,HARA,HARA,M
M,2014/3/13,1185,,2014-03-13,M,5,,,HARA,HARA,M
P,2005/10/11,1186,,2005-10-11,P,5,,,HARA,HARA,P
P,2010/2/4,1187,,2010-02-04,P,5,,,HARA,HARA,P
P,2010/2/11,1188,,2010-02-11,P,5,,,HARA,HARA,P
P,2010/2/24,1189,,2010-02-24,P,5,,,HARA,HARA,P
P,2012/6/13,1190,,2012-06-13,P,5,,,HARA,HARA,P
P,2013/10/24,1191,,2013-10-24,P,5,,,HARA,HARA,P
P,2015/5/16,1192,,2015-05-16,P,5,,,HARA,HARA,P
P,2015/5/30,1193,,2015-05-30,P,5,,,HARA,HARA,P
P,2015/8/26,1194,,2015-08-26,P,5,,,HARA,HARA,P
S,2008/12/25,1195,,2008-12-25,S,5,,,HARA,HARA,S
S,2009/1/23,1196,,2009-01-23,S,5,,,HARA,HARA,S
S,2009/1/26,1197,,2009-01-26,S,5,,,HARA,HARA,S
S,2013/3/27,1198,,2013-03-27,S,5,,,HARA,HARA,S
S,2013/3/28,1199,,2013-03-28,S,5,,,HARA,HARA,S
S,2013/7/24,1200,,2013-07-24,S,5,,,HARA,HARA,S
T,2012/8/28,1201,,2012-08-28,T,5,,,HARA,HARA,T
T,2012/8/30,1202,,2012-08-30,T,5,,,HARA,HARA,T
T,2012/8/31,1203,,2012-08-31,T,5,,,HARA,HARA,T
U,2012/1/30,1204,,2012-01-30,U,5,,,HARA,HARA,U
U,2014/7/22,1205,,2014-07-22,U,5,,,HARA,HARA,U
U,2014/7/23,1206,,2014-07-23,U,5,,,HARA,HARA,U
U,2014/7/24,1207,,2014-07-24,U,5,,,HARA,HARA,U
U,2014/7/25,1208,,2014-07-25,U,5,,,HARA,HARA,U
V,2012/3/21,1209,,2012-03-21,V,5,,,HARA,HARA,V
V,2012/5/2,1210,,2012-05-02,V,5,,,HARA,HARA,V
W,2010/7/22,1211,,2010-07-22,W,5,,,HARA,HARA,W
W,2011/10/3,1212,,2011-10-03,W,5,,,HARA,HARA,W
W,2011/11/7,1213,,2011-11-07,W,5,,,HARA,HARA,W
X,2014/7/22,1214,,2014-07-22,X,5,,,HARA,HARA,X
X,2014/7/23,1215,,2014-07-23,X,5,,,HARA,HARA,X
X,2015/2/23,1216,,2015-02-23,X,5,,,HARA,HARA,X
X,2015/7/9,1217,,2015-07-09,X,5,,,HARA,HARA,X
X,2015/7/22,1218,,2015-07-22,X,5,,,HARA,HARA,X
X,2015/7/24,1219,,2015-07-24,X,5,,,HARA,HARA,X
X,2015/10/31,1220,,2015-10-31,X,5,,,HARA,HARA,X
X,2015/11/3,1221,,2015-11-03,X,5,,,HARA,HARA,X
X,2015/11/6,1222,,2015-11-06,X,5,,,HARA,HARA,X
X,2015/11/10,1223,,2015-11-10,X,5,,,HARA,HARA,X
X,2015/11/11,1224,,2015-11-11,X,5,,,HARA,HARA,X
X,2015/11/12,1225,,2015-11-12,X,5,,,HARA,HARA,X
X,2015/11/13,1226,,2015-11-13,X,5,,,HARA,HARA,X
X,2015/11/16,1227,,2015-11-16,X,5,,,HARA,HARA,X
X,2016/3/5,1228,,2016-03-05,X,5,,,HARA,HARA,X
X,2016/3/9,1229,,2016-03-09,X,5,,,HARA,HARA,X
X,2016/3/31,1230,,2016-03-31,X,5,,,HARA,HARA,X
X,2016/4/14,1231,,2016-04-14,X,5,,,HARA,HARA,X
X,2016/4/15,1232,,2016-04-15,X,5,,,HARA,HARA,X
X,2016/4/16,1233,,2016-04-16,X,5,,,HARA,HARA,X
X,2016/4/18,1234,,2016-04-18,X,5,,,HARA,HARA,X
X,2016/4/19,1235,,2016-04-19,X,5,,,HARA,HARA,X
X,2016/4/20,1236,,2016-04-20,X,5,,,HARA,HARA,X
X,2016/4/21,1237,,2016-04-21,X,5,,,HARA,HARA,X
X,2016/4/22,1238,,2016-04-22,X,5,,,HARA,HARA,X
X,2016/6/4,1239,,2016-06-04,X,5,,,HARA,HARA,X
X,2016/6/14,1240,,2016-06-14,X,5,,,HARA,HARA,X
X,2016/6/15,1241,,2016-06-15,X,5,,,HARA,HARA,X
X,2016/6/16,1242,,2016-06-16,X,5,,,HARA,HARA,X
X,2016/6/17,1243,,2016-06-17,X,5,,,HARA,HARA,X
X,2016/6/20,1244,,2016-06-20,X,5,,,HARA,HARA,X
X,2016/6/21,1245,,2016-06-21,X,5,,,HARA,HARA,X
X,2016/11/28,1246,,2016-11-28,X,5,,,HARA,HARA,X
X,2016/12/7,1247,,2016-12-07,X,5,,,HARA,HARA,X
X,2016/12/8,1248,,2016-12-08,X,5,,,HARA,HARA,X
X,2016/12/24,1249,,2016-12-24,X,5,,,HARA,HARA,X
X,2016/12/26,1250,,2016-12-26,X,5,,,HARA,HARA,X
X,2016/12/27,1251,,2016-12-27,X,5,,,HARA,HARA,X
X,2016/12/28,1252,,2016-12-28,X,5,,,HARA,HARA,X
X,2017/1/5,1253,,2017-01-05,X,5,,,HARA,HARA,X
X,2017/1/6,1254,,2017-01-06,X,5,,,HARA,HARA,X
X,2017/1/7,1255,,2017-01-07,X,5,,,HARA,HARA,X
X,2017/1/9,1256,,2017-01-09,X,5,,,HARA,HARA,X
X,2017/1/10,1257,,2017-01-10,X,5,,,HARA,HARA,X
X,2017/1/11,1258,,2017-01-11,X,5,,,HARA,HARA,X
X,2017/1/12,1259,,2017-01-12,X,5,,,HARA,HARA,X
X,2017/1/13,1260,,2017-01-13,X,5,,,HARA,HARA,X
X,2017/1/16,1261,,2017-01-16,X,5,,,HARA,HARA,X
X,2017/1/17,1262,,2017-01-17,X,5,,,HARA,HARA,X
X,2017/1/18,1263,,2017-01-18,X,5,,,HARA,HARA,X
X,2017/1/19,1264,,2017-01-19,X,5,,,HARA,HARA,X
X,2017/1/20,1265,,2017-01-20,X,5,,,HARA,HARA,X
X,2017/1/21,1266,,2017-01-21,X,5,,,HARA,HARA,X
X,2017/1/23,1267,,2017-01-23,X,5,,,HARA,HARA,X
X,2017/1/24,1268,,2017-01-24,X,5,,,HARA,HARA,X
X,2017/1/25,1269,,2017-01-25,X,5,,,HARA,HARA,X
X,2017/1/26,1270,,2017-01-26,X,5,,,HARA,HARA,X
X,2017/1/27,1271,,2017-01-27,X,5,,,HARA,HARA,X
X,2017/1/30,1272,,2017-01-30,X,5,,,HARA,HARA,X
X,2017/2/24,1273,,2017-02-24,X,5,,,HARA,HARA,X
X,2017/2/27,1274,,2017-02-27,X,5,,,HARA,HARA,X
X,2017/2/28,1275,,2017-02-28,X,5,,,HARA,HARA,X
