コード,名称,フリガナ,略称,郵便番号,住所１,住所２,部署名,役職名,ご担当者,敬称,TEL,FAX,メールアドレス,ホームページ,担当者,,取引区分,単価種類,掛率,請求先,,締グループ,,金額端数処理,税端数処理,税転嫁,与信限度額,売掛残高,回収方法,,,回収サイクル,回収日,手数料負担,サイト,指定売上伝票,指定請求書,宛名ラベル,企業コード,分類１,,分類２,,分類３,,分類４,,分類５,,メモ欄,参照表示,更新日,請求書合算, 
010,旭化成アドバンス株式会社,ｱｻﾋｶｾｲｱﾄﾞﾊﾞﾝｽｶﾌﾞｼｷｶﾞｲｼｬ,旭化成アドバンス株式会社,105-0004,東京都港区新橋六丁目17番21号,住友不動産御成門駅前ビル,東京事業所 アウターマテリアル事業部,,長谷川,様,03-5643-7872,,,,B,板鼻健太郎B,掛売上,売上単価１,100.0 ,010,旭化成アドバンス株式会社,31,毎月末日締,切り捨て,切り捨て,外税/伝票計,0 ,"-1,728 ",201,振込,当座預金,翌月,31 ,当方負担,0 ,弥生 33430X 売上伝票/請求書 (販売11形式) : 新シモムラ,A4単票 334402ﾀｲﾌﾟ (販売11形式) : シモムラ一括請求書ｖｒ2,○,,,,,,,,,,,,15/03/16住所変更,表示する,2015年04月02日,,
011,旭化成アドバンス株式会社,ｱｻﾋｶｾｲｱﾄﾞﾊﾞﾝｽｶﾌﾞｼｷｶﾞｲｼｬ,旭化成アドバンス株式会社,5308205,大阪府大阪市北区中之島三丁目３番２３号,（中之島ダイビル）,アウターマテリアル事業部第一営業部,課長,遠藤,様,06-7636-3923,,,,B,板鼻健太郎B,掛売上,売上単価１,100.0 ,011,旭化成アドバンス株式会社,31,毎月末日締,切り捨て,切り捨て,外税/伝票計,0 ,"6,255,684 ",201,振込,当座預金,翌月,31 ,当方負担,0 ,弥生 33430X 売上伝票/請求書 (販売11形式) : 新シモムラ,A4単票 334402ﾀｲﾌﾟ (販売11形式) : シモムラ一括請求書ｖｒ2,○,,,,,,,,,,,,2015/3/16電話番号変更,表示する,2015年04月02日,,
013,アスワン株式会社,ｱｽﾜﾝ(ｶﾌﾞ),アスワン㈱,550-0015,大阪府大阪市西区南堀江１－１１－１,三共四ツ橋ビル７Ｆ,ファニシング事業部業務課,主任,田村,様,06-6543-0151,,,,X,上村　茂X,掛売上,売上単価１,100.0 ,013,アスワン株式会社,31,毎月末日締,切り捨て,切り捨て,外税/伝票計,0 ,"690,241 ",201,振込,当座預金,翌月,31 ,当方負担,0 ,弥生 33430X 売上伝票/請求書 (販売11形式) : 新シモムラ,A4単票 334402ﾀｲﾌﾟ (販売11形式) : シモムラ一括請求書ｖｒ2,×,,,,,,,,,,,,,表示する,2016年04月27日,,
053,伊藤忠商事株式会社,ｲﾄｳﾁﾕｳｼﾖｳｼﾞ ｶﾌﾞ,伊藤忠商事㈱,530-8448,大阪府大阪市北区梅田３－１－３,ノースゲートビルディング,テキスタイル・製品部テキスタイル課,,,御中,06-7638-2326,,,,E,清田　祐也E,掛売上,売上単価１,100.0 ,053,伊藤忠商事株式会社,31,毎月末日締,切り捨て,切り捨て,外税/伝票計,0 ,0 ,201,振込,当座預金,翌月,31 ,当方負担,0 ,弥生 33430X 売上伝票/請求書 (販売11形式) : 新シモムラ,A4単票 334402ﾀｲﾌﾟ (販売11形式) : シモムラ一括請求書ｖｒ2,×,,,,,,,,,,,,,表示する,2014年11月11日,,
054,伊藤忠商事株式会社,ｲﾄｳﾁｭｳｼｮｳｼﾞ(ｶﾌﾞ),伊藤忠商事㈱,107-0061,東京都港区北青山２－５－１,,ファッションアパレル第１部機能衣料課,,森玉,様,03-3497-2200,,,,L,上村　茂L,掛売上,売上単価１,100.0 ,054,伊藤忠商事株式会社,31,毎月末日締,切り捨て,切り捨て,外税/伝票計,0 ,0 ,201,振込,当座預金,翌月,31 ,当方負担,0 ,弥生 33430X 売上伝票/請求書 (販売11形式) : 新シモムラ,A4単票 334402ﾀｲﾌﾟ (販売11形式) : シモムラ一括請求書ｖｒ2,×,,,,,,,,,,,,,表示する,2015年07月02日,,
057,伊藤忠商事株式会社　繊維カンパニー,ｲﾄｳﾁｭｳｼｮｳｼﾞｶﾌﾞｼｷｶﾞｲｼｬ,伊藤忠商事㈱　繊維ｶﾝﾊﾟﾆｰ,107-8077,東京都港区北青山２－５－１,,ファッションアパレル第一部アパレル資材課,,中村,様,03-3497-2147,,,,B,板鼻健太郎B,掛売上,売上単価１,100.0 ,057,伊藤忠商事株式会社　繊維カンパニー,31,毎月末日締,切り捨て,切り捨て,外税/伝票計,0 ,0 ,201,振込,当座預金,翌月,31 ,当方負担,0 ,弥生 33430X 売上伝票/請求書 (販売11形式) : 新シモムラ,A4単票 334402ﾀｲﾌﾟ (販売11形式) : シモムラ一括請求書ｖｒ2,○,,,,,,,,,,,,,表示する,2014年12月03日,,
064,ウィズオール株式会社,ｳｨｽﾞｵｰﾙ ｶﾌﾞ,ウィズオール㈱,541-0054,大阪府大阪市中央区南本町２－４－１６,デビスビル３Ｆ,繊維部,,,御中,06-6264-7825,,,,E,清田　祐也E,掛売上,売上単価１,100.0 ,064,ウィズオール株式会社,31,毎月末日締,切り捨て,切り捨て,外税/伝票計,0 ,0 ,201,振込,当座預金,翌月,31 ,当方負担,0 ,弥生 33430X 売上伝票/請求書 (販売11形式) : 新シモムラ,A4単票 334402ﾀｲﾌﾟ (販売11形式) : シモムラ一括請求書ｖｒ2,×,,,,,,,,,,,,,表示する,2014年11月11日,,
066,株式会社植木機工,ｶﾌﾞｳｴｷｷｺｳ,㈱植木機工,945-1352,新潟県柏崎市安田３９７３－３,,工事部,工事長,植木信昭,様,0257-23-5194,,,,L,上村　茂L,掛売上,売上単価１,100.0 ,066,株式会社植木機工,31,毎月末日締,切り捨て,切り捨て,外税/伝票計,0 ,0 ,201,振込,当座預金,翌月,31 ,当方負担,0 ,弥生 33430X 売上伝票/請求書 (販売11形式) : 新シモムラ,A4単票 334402ﾀｲﾌﾟ (販売11形式) : シモムラ一括請求書ｖｒ2,×,,,,,,,,,,,,,表示する,2014年11月11日,,
068,株式会社エフビイ,ｶﾌﾞｼｷｶﾞｲｼｬｴﾌﾋﾞｲ,㈱エフビイ,541-0056,大阪府大阪市中央区久太郎町１丁目５番３１,三星中央ビル４階,,社長,桂,様,06-6261-7051,,,,K,上村　茂K,掛売上,売上単価１,100.0 ,068,株式会社エフビイ,20,毎月20日締,切り捨て,切り捨て,外税/伝票計,0 ,0 ,000,,,翌月,10 ,当方負担,0 ,弥生 33430X 売上伝票/請求書 (販売11形式) : 新シモムラ,A4単票 334402ﾀｲﾌﾟ (販売11形式) : シモムラ一括請求書ｖｒ2,○,,,,,,,,,,,,,表示する,2014年11月29日,,
070,株式会社エルピージャパン,(ｶﾌﾞ)ｴﾙﾋﾟｰｼﾞｬﾊﾟﾝ,㈱エルピージャパン,541-0054,大阪府大阪市中央区南本町１－２－５,マヤビル第２  ７Ｆ,,,,御中,06-6266-1188,,,,E,清田　祐也E,掛売上,売上単価１,100.0 ,070,株式会社エルピージャパン,31,毎月末日締,切り捨て,切り捨て,外税/伝票計,0 ,"471,108 ",201,振込,当座預金,翌月,31 ,当方負担,0 ,弥生 33430X 売上伝票/請求書 (販売11形式) : 新シモムラ,A4単票 334402ﾀｲﾌﾟ (販売11形式) : シモムラ一括請求書ｖｒ2,×,,,,,,,,,,,,,表示する,2014年11月11日,,
074,株式会社エムズクリエイツ,ｶﾌﾞｼｷｶﾞｲｼｬｴﾑｽﾞｸﾘｴｲﾂ,㈱エムズクリエイツ,102-0084,東京都千代田区二番町1-2-831,,,代表取締役,諸我勝典,様,,,,,L,上村　茂L,掛売上,売上単価１,100.0 ,074,株式会社エムズクリエイツ,31,毎月末日締,切り捨て,切り捨て,外税/伝票計,0 ,0 ,000,,,翌月,31 ,当方負担,0 ,弥生 33430X 売上伝票/請求書 (販売11形式) : 新シモムラ,A4単票 334402ﾀｲﾌﾟ (販売11形式) : シモムラ一括請求書ｖｒ2,○,,,,,,,,,,,,,表示する,2015年07月16日,,
077,株式会社ウエマツ,ｶﾌﾞｼｷｶﾞｲｼｬｳｴﾏﾂ,㈱ウエマツ,919-0321,福井県福井市下河北町第７号５番地４,,,,,様,0776-38-9700,,,,B,板鼻健太郎B,掛売上,売上単価１,100.0 ,077,株式会社ウエマツ,31,毎月末日締,切り捨て,切り捨て,外税/伝票計,0 ,0 ,000,,,当月,0 ,当方負担,0 ,弥生 33430X 売上伝票/請求書 (販売11形式) : 新シモムラ,A4単票 334402ﾀｲﾌﾟ (販売11形式) : シモムラ一括請求書ｖｒ2,○,,,,,,,,,,,,,表示する,2015年05月27日,,
078,株式会社ＳＫ　ＧＬＯＢＡＬ,ｶﾌﾞｼｷｶﾞｲｼｬSK GLOBAL,㈱ＳＫ　ＧＬＯＢＡＬ,542-0066,大阪府大阪市中央区瓦屋町２丁目１２番３号,,,部長,横田,様,06-4303-4452,,,,B,板鼻健太郎B,掛売上,売上単価１,100.0 ,078,株式会社ＳＫ　ＧＬＯＢＡＬ,31,毎月末日締,切り捨て,切り捨て,外税/伝票計,0 ,0 ,201,振込,当座預金,翌月,31 ,当方負担,0 ,弥生 33430X 売上伝票/請求書 (販売11形式) : 新シモムラ,A4単票 334402ﾀｲﾌﾟ (販売11形式) : シモムラ一括請求書ｖｒ2,○,,,,,,,,,,,,,表示する,2014年12月27日,,
079,株式会社ＳＳＤＡ,,㈱ＳＳＤＡ,151-0071,東京都渋谷区本町1-4-3-305,,,代表取締役,関　慎也,様,03-6300-4262,,,,B,板鼻健太郎B,掛売上,売上単価１,100.0 ,079,株式会社ＳＳＤＡ,31,毎月末日締,切り捨て,切り捨て,外税/伝票計,0 ,0 ,000,,,翌月,31 ,当方負担,0 ,弥生 33430X 売上伝票/請求書 (販売11形式) : 新シモムラ,A4単票 334402ﾀｲﾌﾟ (販売11形式) : シモムラ一括請求書ｖｒ2,○,,,,,,,,,,,,,表示する,2016年01月27日,,
082,オーミケンシ株式会社,ｵｰﾐｹﾝｼｶﾌﾞｼｷｶﾞｲｼｬ,オーミケンシ㈱,541-0048,大阪府大阪市中央区瓦町2-5-14,,,,,御中,06-6205-7116,06-6205-7155,,,B,板鼻健太郎B,掛売上,売上単価１,100.0 ,082,オーミケンシ株式会社,31,毎月末日締,切り捨て,切り捨て,外税/伝票計,0 ,0 ,000,,,翌月,0 ,当方負担,0 ,弥生 33430X 売上伝票/請求書 (販売11形式) : 新シモムラ,A4単票 334402ﾀｲﾌﾟ (販売11形式) : シモムラ一括請求書ｖｒ2,○,,,,,,,,,,,,,表示する,2015年05月27日,,
085,奥田株式会社,ｵｸﾀﾞｶﾌﾞｼｷｶﾞｲｼｬ,奥田㈱,547-0002,大阪市平野区加美東1丁目9-17,,,,,御中,06-6791-2101,06-6791-2102,,,B,板鼻健太郎B,掛売上,売上単価１,100.0 ,085,奥田株式会社,31,毎月末日締,切り捨て,切り捨て,外税/伝票計,0 ,0 ,000,,,当月,0 ,当方負担,0 ,弥生 33430X 売上伝票/請求書 (販売11形式) : 新シモムラ,A4単票 334402ﾀｲﾌﾟ (販売11形式) : シモムラ一括請求書ｖｒ2,○,,,,,,,,,,,,,表示する,2015年09月11日,,
092,有限会社オリセン,ﾕｳｹﾞﾝｶﾞｲｼｬｵﾘｾﾝ,㈲オリセン,929-1172,石川県かほく市松浜ロ14,,,代表取締役,折戸　開成,様,076-285-0339,,,,B,板鼻健太郎B,掛売上,売上単価１,100.0 ,092,有限会社オリセン,31,毎月末日締,切り捨て,切り捨て,外税/伝票計,0 ,"1,276,236 ",201,振込,当座預金,翌月,31 ,当方負担,0 ,弥生 33430X 売上伝票/請求書 (販売11形式) : 新シモムラ,A4単票 334402ﾀｲﾌﾟ (販売11形式) : シモムラ一括請求書ｖｒ2,○,,,,,,,,,,,,,表示する,2015年01月17日,,
093,大八木株式会社,ｵｵﾔｷﾞｶﾌﾞｼｷｶｲｼｬ,大八木㈱,491-0838,愛知県一宮市猿海道3-2-8,,,常務取締役,大八木俊宏,様,0586-24-1156,,,,B,板鼻健太郎B,掛売上,売上単価１,100.0 ,093,大八木株式会社,31,毎月末日締,切り捨て,切り捨て,外税/伝票計,0 ,"489,024 ",201,振込,当座預金,翌月,31 ,当方負担,0 ,弥生 33430X 売上伝票/請求書 (販売11形式) : 新シモムラ,A4単票 334402ﾀｲﾌﾟ (販売11形式) : シモムラ一括請求書ｖｒ2,○,,,,,,,,,,,,,表示する,2015年03月10日,,
116,尾張整染株式会社,ｵﾜﾘｾｲｾﾝｶﾌﾞｼｷｶﾞｲｼｬ,尾張整染㈱,491-0073,愛知県一宮市高畑町二丁目２５番地,,車両インテリア事業部第１生産部　生産管理,,石川,様,0586-72-4327,,,,X,上村　茂X,掛売上,売上単価１,100.0 ,116,尾張整染株式会社,31,毎月末日締,切り捨て,切り捨て,外税/伝票計,0 ,0 ,000,,,翌月,31 ,当方負担,0 ,弥生 33430X 売上伝票/請求書 (販売11形式) : 新シモムラ,A4単票 334402ﾀｲﾌﾟ (販売11形式) : シモムラ一括請求書ｖｒ2,○,,,,,,,,,,,,,表示する,2015年03月02日,,
122,カワボウ繊維株式会社,ｶﾜﾎﾞｳｾﾝｲｶﾌﾞｼｷｶﾞｲｼｬ,カワボウ繊維㈱,502-8501,岐阜県岐阜市正木中１丁目１番１号,,テキスタイル本部婦人グループ,,,御中,058-294-7783,,,,E,清田　祐也E,掛売上,売上単価１,100.0 ,122,カワボウ繊維株式会社,31,毎月末日締,切り捨て,切り捨て,外税/伝票計,0 ,0 ,201,振込,当座預金,翌月,31 ,当方負担,0 ,弥生 33430X 売上伝票/請求書 (販売11形式) : 新シモムラ,A4単票 334402ﾀｲﾌﾟ (販売11形式) : シモムラ一括請求書ｖｒ2,○,,,,,,,,,,,,,表示する,2015年10月03日,,
126,株式会社カズマ,ｶﾌﾞｼｷｶﾞｲｼｬｶｽﾞﾏ,㈱カズマ,910-0123,福井県福井市八重巻町105,,,,浅井,様,0776-56-4006,,,,B,板鼻健太郎B,掛売上,売上単価１,100.0 ,126,株式会社カズマ,31,毎月末日締,切り捨て,切り捨て,外税/伝票計,0 ,0 ,201,振込,当座預金,翌月,31 ,当方負担,0 ,弥生 33430X 売上伝票/請求書 (販売11形式) : 新シモムラ,A4単票 334402ﾀｲﾌﾟ (販売11形式) : シモムラ一括請求書ｖｒ2,○,,,,,,,,,,,,,表示する,2015年04月15日,,
127,株式会社暁星ジャパン　大阪支店,ｶﾌﾞｼｷｶﾞｲｼｬｷﾞｮｳｾｲｼﾞｬﾊﾟﾝ ｵｵｻｶｼﾃﾝ,㈱暁星ジャパン　大阪支店,541-0052,大阪府大阪市中央区安土町2-3-13,大阪国際ビル13階,,,,御中,06-6264-0778,06-6261-0884,,,B,板鼻健太郎B,掛売上,売上単価１,100.0 ,127,株式会社暁星ジャパン　大阪支店,31,毎月末日締,切り捨て,切り捨て,外税/伝票計,0 ,0 ,000,,,翌月,31 ,当方負担,0 ,弥生 33430X 売上伝票/請求書 (販売11形式) : 新シモムラ,A4単票 334402ﾀｲﾌﾟ (販売11形式) : シモムラ一括請求書ｖｒ2,○,,,,,,,,,,,,,表示する,2015年03月02日,,
136,岐セン株式会社,ｷﾞｾﾝｶﾌﾞｼｷｶﾞｲｼｬ,岐セン㈱,501-0234,岐阜県瑞穂市牛牧758番地,,,,,御中,058-326-5111,,,,L,上村　茂L,掛売上,売上単価１,100.0 ,136,岐セン株式会社,31,毎月末日締,切り捨て,切り捨て,外税/伝票計,0 ,0 ,000,,,翌月,31 ,当方負担,0 ,弥生 33430X 売上伝票/請求書 (販売11形式) : 新シモムラ,A4単票 334402ﾀｲﾌﾟ (販売11形式) : シモムラ一括請求書ｖｒ2,○,,,,,,,,,,,,,表示する,2016年08月20日,,
160,株式会社楠コーポレーション,(ｶﾌﾞ)ｸｽﾉｷｺｰﾎﾟﾚｰｼｮﾝ,㈱楠コーポレーション,541-0054,大阪府大阪市中央区南本町３－３－２３,インペリアル船場４１７号,,,,御中,06-4963-2144,,,,E,清田　祐也E,掛売上,売上単価１,100.0 ,160,株式会社楠コーポレーション,31,毎月末日締,切り捨て,切り捨て,外税/伝票計,0 ,"18,629 ",201,振込,当座預金,翌月,31 ,当方負担,0 ,弥生 33430X 売上伝票/請求書 (販売11形式) : 新シモムラ,A4単票 334402ﾀｲﾌﾟ (販売11形式) : シモムラ一括請求書ｖｒ2,×,,,,,,,,,,,,,表示する,2014年11月11日,,
161,株式会社楠コーポレーション,ｶﾌﾞｼｷｶﾞｲｼｬｸｽﾉｷｺｰﾎﾟﾚｰｼｮﾝ,㈱楠コーポレーション,541-0054,大阪府大阪市中央区南本町3-3-23,インペリアル船場417号,,,,御中,06-4963-2144,,,,E,清田　祐也E,掛売上,売上単価１,100.0 ,161,株式会社楠コーポレーション,31,毎月末日締,切り捨て,切り捨て,外税/伝票計,0 ,0 ,000,,,翌月,31 ,当方負担,0 ,弥生 33430X 売上伝票/請求書 (販売11形式) : 新シモムラ,A4単票 334402ﾀｲﾌﾟ (販売11形式) : シモムラ一括請求書ｖｒ2,○,,,,,,,,,,,,,表示する,2015年12月22日,,
163,クロスロード株式会社,ｸﾛｽﾛｰﾄﾞｶﾌﾞｼｷｶﾞｲｼｬ,クロスロード㈱,103-0007,東京都中央区日本橋浜町2丁目25-1,アスコットパーク日本橋浜町アルテ902,,,谷辺,様,03-5643-5613,,,,B,板鼻健太郎B,掛売上,売上単価１,100.0 ,163,クロスロード株式会社,31,毎月末日締,切り捨て,切り捨て,外税/伝票計,0 ,0 ,201,振込,当座預金,翌月,31 ,当方負担,0 ,弥生 33430X 売上伝票/請求書 (販売11形式) : 新シモムラ,A4単票 334402ﾀｲﾌﾟ (販売11形式) : シモムラ一括請求書ｖｒ2,○,,,,,,,,,,,,,表示する,2015年02月26日,,
170,有限会社ケイライン,ﾕｳ ｹｲﾗｲﾝ,㈲ケイライン,915-0264,福井県越前市野岡町１２－１－１１,,,,,御中,0778-42-3722,,,,E,清田　祐也E,掛売上,売上単価１,100.0 ,170,有限会社ケイライン,31,毎月末日締,切り捨て,切り捨て,外税/伝票計,0 ,0 ,201,振込,当座預金,翌月,31 ,当方負担,0 ,弥生 33430X 売上伝票/請求書 (販売11形式) : 新シモムラ,A4単票 334402ﾀｲﾌﾟ (販売11形式) : シモムラ一括請求書ｖｒ2,×,,,,,,,,,,,,,表示する,2014年11月11日,,
171,ＫＢセーレン株式会社,ｹｰﾋﾞｰｾｰﾚﾝｶﾌﾞｼｷｶﾞｲｼｬ,ＫＢセーレン㈱,107-0062,東京都港区南青山1-1-1,新青山ﾋﾞﾙ東館17階,生活資材販売部,,,様,03-5411-8916,03-5411-8919,,,B,板鼻健太郎B,掛売上,売上単価１,100.0 ,171,ＫＢセーレン株式会社,31,毎月末日締,切り捨て,切り捨て,外税/伝票計,0 ,0 ,201,振込,当座預金,当月,0 ,当方負担,0 ,弥生 33430X 売上伝票/請求書 (販売11形式) : 新シモムラ,A4単票 334402ﾀｲﾌﾟ (販売11形式) : シモムラ一括請求書ｖｒ2,○,,,,,,,,,,,,,表示する,2015年05月27日,,
191,コマテックス株式会社,ｺﾏﾃｯｸｽ,コマテックス㈱,923-1117,石川県能美市末信町ヌ80番地,,,,,御中,0761-58-7001,,,,B,板鼻健太郎B,掛売上,売上単価１,100.0 ,191,コマテックス株式会社,31,毎月末日締,切り捨て,切り捨て,外税/伝票計,0 ,0 ,201,振込,当座預金,翌月,31 ,当方負担,0 ,弥生 33430X 売上伝票/請求書 (販売11形式) : 新シモムラ,A4単票 334402ﾀｲﾌﾟ (販売11形式) : シモムラ一括請求書ｖｒ2,×,,,,,,,,,,,,,表示する,2016年04月28日,,
193,桑村繊維株式会社　大阪営業所,ｸﾜﾑﾗｾﾝｲｶﾌﾞｼｷｶﾞｲｼｬ  ,桑村繊維㈱　大阪営業所,541-0052,大阪府大阪市中央区安土町3-4-8,東光ビル,長繊維部,,,御中,06-6262-8070,,,,E,清田　祐也E,掛売上,売上単価１,100.0 ,193,桑村繊維株式会社　大阪営業所,20,毎月20日締,切り捨て,切り捨て,外税/伝票計,0 ,0 ,000,,,翌月,31 ,当方負担,0 ,弥生 33430X 売上伝票/請求書 (販売11形式) : 新シモムラ,A4単票 334402ﾀｲﾌﾟ (販売11形式) : シモムラ一括請求書ｖｒ2,○,,,,,,,,,,,,,表示する,2016年06月20日,,
194,株式会社クリエイト,ｶﾌﾞｸﾘｴｲﾄ,㈱クリエイト,101-0031,東京都千代田区東神田２－４－２,,,,岩本,様,03-3863-6555,,,,K,上村　茂K,掛売上,売上単価１,100.0 ,194,株式会社クリエイト,15,毎月15日締,切り捨て,切り捨て,外税/伝票計,0 ,"3,660,343 ",201,振込,当座預金,翌月,31 ,当方負担,0 ,弥生 33430X 売上伝票/請求書 (販売11形式) : 新シモムラ,A4単票 334402ﾀｲﾌﾟ (販売11形式) : シモムラ一括請求書ｖｒ2,×,,,,,,,,,,,,,表示する,2015年07月07日,,
201,サイボー株式会社,ｻｲﾎﾞｰｶﾌﾞｼｷｶﾞｲｼｬ,サイボー㈱,444-0806,愛知県岡崎市緑丘2丁目6番地4,ACCESS　STREET　402,,,,御中,0564-57-2750,,,,B,板鼻健太郎B,掛売上,売上単価１,100.0 ,201,サイボー株式会社,31,毎月末日締,切り捨て,切り捨て,外税/伝票計,0 ,0 ,000,,,当月,0 ,当方負担,0 ,弥生 33430X 売上伝票/請求書 (販売11形式) : 新シモムラ,A4単票 334402ﾀｲﾌﾟ (販売11形式) : シモムラ一括請求書ｖｒ2,○,,,,,,,,,,,,,表示する,2015年05月27日,,
202,山越株式会社,ｻﾝｴﾂｶﾌﾞｼｷｶﾞｲｼｬ,山越㈱,929-1215,石川県かほく市高松丙1番地5,,,,,様,076-281-8110,,,,,,掛売上,売上単価１,100.0 ,202,山越株式会社,31,毎月末日締,切り捨て,切り捨て,外税/伝票計,0 ,0 ,000,,,当月,0 ,当方負担,0 ,弥生 33430X 売上伝票/請求書 (販売11形式) : 新シモムラ,A4単票 334402ﾀｲﾌﾟ (販売11形式) : シモムラ一括請求書ｖｒ2,○,,,,,,,,,,,,,表示する,2015年05月27日,,
203,酒伊編織株式会社,ｻｶｲｱﾐｵﾘｶﾌﾞｼｷｶﾞｲｼｬ,酒伊編織㈱,916-0027,福井県鯖江市桜町2丁目1-5,,,,,御中,0778-51-4642,0778-52-3976,,,,,掛売上,売上単価１,100.0 ,203,酒伊編織株式会社,31,毎月末日締,切り捨て,切り捨て,外税/伝票計,0 ,0 ,000,,,当月,0 ,当方負担,0 ,弥生 33430X 売上伝票/請求書 (販売11形式) : 新シモムラ,A4単票 334402ﾀｲﾌﾟ (販売11形式) : シモムラ一括請求書ｖｒ2,○,,,,,,,,,,,,,表示する,2016年01月09日,,
211,三共生興アパレルファッション株式会社,ｻﾝｷｮｳｾｲｺｳｱﾊﾟﾚﾙﾌｧｯｼｮﾝｶﾌﾞ,三共生興アパレルファッシ,541-0051,大阪府大阪市中央区備後町２－６－８,サンライズビル  ４階,第１０グループ,,北野,様,06-6268-5157,,,,P,板鼻健太郎P,掛売上,売上単価１,100.0 ,211,三共生興アパレルファッション株式会社,31,毎月末日締,切り捨て,切り捨て,外税/伝票計,0 ,"669,932 ",201,振込,当座預金,翌月,31 ,当方負担,0 ,弥生 33430X 売上伝票/請求書 (販売11形式) : 新シモムラ,A4単票 334402ﾀｲﾌﾟ (販売11形式) : シモムラ一括請求書ｖｒ2,×,,,,,,,,,,,,,表示する,2014年11月11日,,
212,三協織物株式会社,ｻﾝｷｮｳｵﾘﾓﾉｶﾌﾞｼｷｶﾞｲｼｬ,三協織物㈱,430-0846,静岡県浜松市南区白羽町610番地,,,,,御中,053-441-2211,053-441-2410,,,B,板鼻健太郎B,掛売上,売上単価１,100.0 ,212,三協織物株式会社,31,毎月末日締,切り捨て,切り捨て,外税/伝票計,0 ,0 ,000,,,当月,0 ,当方負担,0 ,弥生 33430X 売上伝票/請求書 (販売11形式) : 新シモムラ,A4単票 334402ﾀｲﾌﾟ (販売11形式) : シモムラ一括請求書ｖｒ2,○,,,,,,,,,,,,,表示する,2015年05月27日,,
220,株式会社今野,ｶﾌﾞｼｷｶﾞｲｼｬｺﾝﾉ,㈱今野,992-0053,山形県米沢市松が岬２－１－６６,,,,,御中,0238-21-2231,,,,B,板鼻健太郎B,掛売上,売上単価１,100.0 ,220,株式会社今野,31,毎月末日締,切り捨て,切り捨て,外税/伝票計,0 ,0 ,201,振込,当座預金,翌月,0 ,当方負担,0 ,弥生 33430X 売上伝票/請求書 (販売11形式) : 新シモムラ,A4単票 334402ﾀｲﾌﾟ (販売11形式) : シモムラ一括請求書ｖｒ2,○,,,,,,,,,,,,,表示する,2015年05月27日,,
222,サンアルファー株式会社,ｻﾝｱﾙﾌｧｰ(ｶﾌﾞ),サンアルファー㈱,541-0053,大阪府大阪市中央区本町２－３－９,ＪＰＳ本町ビル４Ｆ,,,,御中,06-6266-1521,,,,B,板鼻健太郎B,掛売上,売上単価１,100.0 ,222,サンアルファー株式会社,20,毎月20日締,切り捨て,切り捨て,外税/伝票計,0 ,0 ,201,振込,当座預金,翌月,31 ,当方負担,0 ,弥生 33430X 売上伝票/請求書 (販売11形式) : 新シモムラ,A4単票 334402ﾀｲﾌﾟ (販売11形式) : シモムラ一括請求書ｖｒ2,×,,,,,,,,,,,,,表示する,2014年11月11日,,
223,サンコロナ小田株式会社,ｻﾝｺﾛﾅｵﾀﾞ ｶﾌﾞ,サンコロナ小田㈱,923-0311,石川県小松市木場町カ－８１番地,,,,,御中,0761-43-2211,,,,E,清田　祐也E,掛売上,売上単価１,100.0 ,223,サンコロナ小田株式会社,25,毎月25日締,切り捨て,切り捨て,外税/伝票計,0 ,0 ,201,振込,当座預金,翌月,20 ,当方負担,0 ,弥生 33430X 売上伝票/請求書 (販売11形式) : 新シモムラ,A4単票 334402ﾀｲﾌﾟ (販売11形式) : シモムラ一括請求書ｖｒ2,×,,,,,,,,,,,,,表示する,2014年11月11日,,
250,株式会社ＧＳＩクレオス  大阪支店,ｶﾌﾞ GSIｸﾚｵｽ ｵｵｻｶｼﾃﾝ,㈱ＧＳＩクレオス  大,540-6591,大阪府大阪市中央区大手前１－７－３１,ＯＭＭビル６Ｆ,テキスタイル第３部大阪営業課,,,御中,06-6944-2611,,,,E,清田　祐也E,掛売上,売上単価１,100.0 ,250,株式会社ＧＳＩクレオス  大阪支店,31,毎月末日締,切り捨て,切り捨て,外税/伝票計,0 ,"22,075 ",201,振込,当座預金,翌月,31 ,当方負担,0 ,弥生 33430X 売上伝票/請求書 (販売11形式) : 新シモムラ,A4単票 334402ﾀｲﾌﾟ (販売11形式) : シモムラ一括請求書ｖｒ2,×,,,,,,,,,,,,,表示する,2014年11月11日,,
255,株式会社茂野商店,ｶﾌﾞｼｷｶﾞｲｼｬｼｹﾞﾉｼｮｳﾃﾝ,㈱茂野商店,541-0056,大阪府大阪市中央区久太郎町１－１－２,,,,,御中,06-6261-5506,,,,E,清田　祐也E,掛売上,売上単価１,100.0 ,255,株式会社茂野商店,31,毎月末日締,切り捨て,切り捨て,外税/伝票計,0 ,0 ,201,振込,当座預金,翌月,31 ,当方負担,0 ,弥生 33430X 売上伝票/請求書 (販売11形式) : 新シモムラ,A4単票 334402ﾀｲﾌﾟ (販売11形式) : シモムラ一括請求書ｖｒ2,○,,,,,,,,,,,,,表示する,2014年10月31日,,
258,株式会社ジェノ,(ｶﾌﾞ) ｼﾞｪﾉ,㈱ジェノ,540-0026,大阪府大阪市中央区内本町２－３－１１,（内本町グリーンビル６Ｆ）,,専務,山内,様,06-6947-1407,,,,K,上村　茂K,掛売上,売上単価１,100.0 ,258,株式会社ジェノ,20,毎月20日締,切り捨て,切り捨て,外税/伝票計,0 ,0 ,201,振込,当座預金,翌月,15 ,当方負担,0 ,弥生 33430X 売上伝票/請求書 (販売11形式) : 新シモムラ,A4単票 334402ﾀｲﾌﾟ (販売11形式) : シモムラ一括請求書ｖｒ2,×,,,,,,,,,,,,,表示する,2014年11月11日,,
262,信友株式会社,ｼﾅﾄﾓｶﾌﾞｼｷｶﾞｲｼｬ,信友㈱,430-0929,静岡県浜松市中区中央3-7-10,セントラルプラザ21-2階,,,,御中,053-452-3123,,,,,,掛売上,売上単価１,100.0 ,262,信友株式会社,31,毎月末日締,切り捨て,切り捨て,外税/伝票計,0 ,0 ,000,,,当月,0 ,当方負担,0 ,弥生 33430X 売上伝票/請求書 (販売11形式) : 新シモムラ,A4単票 334402ﾀｲﾌﾟ (販売11形式) : シモムラ一括請求書ｖｒ2,○,,,,,,,,,,,,,表示する,2016年03月03日,,
263,創和テキスタイル株式会社,ｿｳﾜﾃｷｽﾀｲﾙｶﾌﾞｼｷｶﾞｲｼｬ,創和テキスタイル㈱,925-0623,石川県羽咋市本江町ヌー８,,,,高橋,様,,,,,B,板鼻健太郎B,掛売上,売上単価１,100.0 ,263,創和テキスタイル株式会社,31,毎月末日締,切り捨て,切り捨て,外税/伝票計,0 ,0 ,201,振込,当座預金,翌月,31 ,当方負担,0 ,弥生 33430X 売上伝票/請求書 (販売11形式) : 新シモムラ,A4単票 334402ﾀｲﾌﾟ (販売11形式) : シモムラ一括請求書ｖｒ2,○,,,,,,,,,,,,,表示する,2015年02月07日,,
269,鈴倉インター株式会社,ｽｽﾞｸﾗｲﾝﾀｰ ｶﾌﾞ,鈴倉インター㈱,550-0002,大阪府大阪市西区江戸堀1-9-11,アイ・プラス江戸堀５Ｆ,,,,御中,06-6443-9000,06-6443-9010,,,,,掛売上,売上単価１,100.0 ,269,鈴倉インター株式会社,31,毎月末日締,切り捨て,切り捨て,外税/伝票計,0 ,"1,200,000 ",201,振込,当座預金,翌月,31 ,当方負担,0 ,弥生 33430X 売上伝票/請求書 (販売11形式) : 新シモムラ,A4単票 334402ﾀｲﾌﾟ (販売11形式) : シモムラ一括請求書ｖｒ2,×,,,,,,,,,,,,,表示する,2014年12月03日,,
290,株式会社サンクローバー,ｶﾌﾞｻﾝｸﾛｰﾊﾞｰ,㈱サンクローバー,500-8269,岐阜県岐阜市茜部中島１－１４１,,管理部,,白木,様,058-272-5511,,,,B,板鼻健太郎B,掛売上,売上単価１,100.0 ,290,株式会社サンクローバー,15,毎月15日締,切り捨て,切り捨て,外税/伝票計,0 ,0 ,201,振込,当座預金,翌月,31 ,当方負担,0 ,弥生 33430X 売上伝票/請求書 (販売11形式) : 新シモムラ,A4単票 334402ﾀｲﾌﾟ (販売11形式) : シモムラ一括請求書ｖｒ2,×,,,,,,,,,,,,,表示する,2014年11月11日,,
291,株式会社ジャテック,ｶﾌﾞｼｷｶﾞｲｼｬｼﾞｬﾃｯｸ,㈱ジャテック,921-8062,石川県金沢市新保本３丁目１０２番,,,,,御中,076-249-3006,,,,B,板鼻健太郎B,掛売上,売上単価１,100.0 ,291,株式会社ジャテック,31,毎月末日締,切り捨て,切り捨て,外税/伝票計,0 ,0 ,201,振込,当座預金,当月,0 ,当方負担,0 ,弥生 33430X 売上伝票/請求書 (販売11形式) : 新シモムラ,A4単票 334402ﾀｲﾌﾟ (販売11形式) : シモムラ一括請求書ｖｒ2,○,,,,,,,,,,,,,表示する,2015年05月27日,,
293,シンコー株式会社,ｼﾝｺｰｶﾌﾞｼｷｶﾞｲｼｬ,シンコー㈱,454-0836,愛知県名古屋市中川区福船町3-1,,イズライフ事業部,,牧,様,052-362-2715,052-362-8482,,,B,板鼻健太郎B,掛売上,売上単価１,100.0 ,293,シンコー株式会社,31,毎月末日締,切り捨て,切り捨て,外税/伝票計,0 ,0 ,201,振込,当座預金,翌月,0 ,当方負担,0 ,弥生 33430X 売上伝票/請求書 (販売11形式) : 新シモムラ,A4単票 334402ﾀｲﾌﾟ (販売11形式) : シモムラ一括請求書ｖｒ2,○,,,,,,,,,,,,,表示する,2015年05月01日,,
294,ジャパンインテリアプランニング株式会社,ｼﾞｬﾊﾟﾝｲﾝﾃﾘｱﾌﾟﾗﾝﾆﾝｸﾞｶﾌﾞｼｷｶﾞｲｼｬ,ｼﾞｬﾊﾟﾝｲﾝﾃﾘｱﾌﾟﾗﾝﾆﾝｸﾞ㈱,454-0836,愛知県名古屋市中川区福船町3-1,,,代表取締役,市川　隆朗,様,052-362-5736,,,,B,板鼻健太郎B,掛売上,売上単価１,100.0 ,294,ジャパンインテリアプランニング株式会社,31,毎月末日締,切り捨て,切り捨て,外税/伝票計,0 ,"2,365,485 ",000,,,翌月,31 ,当方負担,0 ,弥生 33430X 売上伝票/請求書 (販売11形式) : 新シモムラ,A4単票 334402ﾀｲﾌﾟ (販売11形式) : シモムラ一括請求書ｖｒ2,○,,,,,,,,,,,,,表示する,2015年12月02日,,
295,スタイレム株式会社21課,ｽﾀｲﾚﾑｶﾌﾞｼｷｶﾞｲｼｬ21ｶ,スタイレム株式会社21課,556-0017,大阪府大阪市浪速区湊町1-2-3,,21課,,川本,様,06-4396-6640,,,,B,板鼻健太郎B,掛売上,売上単価１,100.0 ,295,スタイレム株式会社21課,31,毎月末日締,切り捨て,切り捨て,外税/伝票計,0 ,"2,431,314 ",000,,,翌月,31 ,当方負担,0 ,弥生 33430X 売上伝票/請求書 (販売11形式) : 新シモムラ,A4単票 334402ﾀｲﾌﾟ (販売11形式) : シモムラ一括請求書ｖｒ2,○,,,,,,,,,,,,,表示する,2016年05月17日,,
309,ダイヤモード株式会社,ﾀﾞｲﾔﾓｰﾄﾞ(ｶﾌﾞ),ダイヤモード㈱,530-6040,大阪府大阪市北区天満橋１－８－３０,（ＯＡＰタワー３２Ｆ）,テキスタイル・製品営業部,,,御中,06-6881-6359,,,,B,板鼻健太郎B,掛売上,売上単価１,100.0 ,309,ダイヤモード株式会社,31,毎月末日締,切り捨て,切り捨て,外税/伝票計,0 ,0 ,201,振込,当座預金,翌月,31 ,当方負担,0 ,弥生 33430X 売上伝票/請求書 (販売11形式) : 新シモムラ,A4単票 334402ﾀｲﾌﾟ (販売11形式) : シモムラ一括請求書ｖｒ2,×,,,,,,,,,,,,,表示する,2014年11月11日,,
324,スタイレム株式会社91課,ｽﾀｲﾚﾑｶﾌﾞｼｷｶﾞｲｼｬ91ｶ,スタイレム株式会社91課,556-0017,大阪府大阪市浪速区湊町１－２－３,マルイト難波ビル１２Ｆ,欧米販売９１課,,,御中,06-4396-6801,,,,E,清田　祐也E,掛売上,売上単価１,100.0 ,324,スタイレム株式会社91課,31,毎月末日締,切り捨て,切り捨て,外税/伝票計,0 ,0 ,201,振込,当座預金,翌月,31 ,当方負担,0 ,弥生 33430X 売上伝票/請求書 (販売11形式) : 新シモムラ,A4単票 334402ﾀｲﾌﾟ (販売11形式) : シモムラ一括請求書ｖｒ2,×,,,,,,,,,,,,旧社名　瀧定大阪株式会社,表示する,2015年02月03日,,
327,瀧定名古屋株式会社,ﾀｷｻﾀﾞﾅｺﾞﾔ (ｶﾌﾞ)  11ｶ,瀧定名古屋㈱,460-8667,愛知県名古屋市中区錦２－１３－１９,,１１課,課長,河内,様,052-201-0711,,,,K,上村　茂K,掛売上,売上単価１,100.0 ,327,瀧定名古屋株式会社,31,毎月末日締,切り捨て,切り捨て,外税/伝票計,0 ,0 ,201,振込,当座預金,翌月,31 ,当方負担,0 ,弥生 33430X 売上伝票/請求書 (販売11形式) : 新シモムラ,A4単票 334402ﾀｲﾌﾟ (販売11形式) : シモムラ一括請求書ｖｒ2,×,,,,,,,,,,,,,表示する,2015年03月04日,,
329,スタイレム株式会社83課,ｽﾀｲﾚﾑｶﾌﾞｼｷｶﾞｲｼｬ83ｶ,スタイレム株式会社83課,556-0017,大阪府大阪市浪速区湊町１－２－３,マルイト難波ビル１１Ｆ,83課,課長,河南,様,06-4396-6692,,,,B,板鼻健太郎B,掛売上,売上単価１,100.0 ,329,スタイレム株式会社83課,31,毎月末日締,切り捨て,切り捨て,外税/伝票計,0 ,"6,038,123 ",201,振込,当座預金,翌月,31 ,当方負担,0 ,弥生 33430X 売上伝票/請求書 (販売11形式) : 新シモムラ,A4単票 334402ﾀｲﾌﾟ (販売11形式) : シモムラ一括請求書ｖｒ2,○,,,,,,,,,,,,旧名 瀧定大阪㈱,表示する,2015年02月03日,,
330,スタイレム株式会社,ｽﾀｲﾚﾑｶﾌﾞｼｷｶﾞｲｼｬ,スタイレム㈱,556-0017,大阪府大阪市浪速区湊町1-2-3,マルイト難波ビル11階,ZEN　BLACK,室長,河南,様,03-4396-6692,,,,B,板鼻健太郎B,掛売上,売上単価１,100.0 ,330,スタイレム株式会社,31,毎月末日締,切り捨て,切り捨て,外税/伝票計,0 ,"293,857 ",000,,,翌月,31 ,当方負担,0 ,弥生 33430X 売上伝票/請求書 (販売11形式) : 新シモムラ,A4単票 334402ﾀｲﾌﾟ (販売11形式) : シモムラ一括請求書ｖｒ2,○,,,,,,,,,,,,,表示する,2016年08月03日,,
340,タキヒヨー株式会社,ﾀｷﾋﾖｰｶﾌﾞｼｷｶﾞｲｼｬ,タキヒヨー㈱,451-8688,愛知県名古屋市西区牛島町６－１,名古屋ルーセントタワー２４Ｆ,テキスタイル事業部,,木下,様,052-587-7003,,,,B,板鼻健太郎B,掛売上,売上単価１,100.0 ,340,タキヒヨー株式会社,31,毎月末日締,切り捨て,切り捨て,外税/伝票計,0 ,0 ,201,振込,当座預金,翌月,31 ,当方負担,0 ,弥生 33430X 売上伝票/請求書 (販売11形式) : 新シモムラ,A4単票 334402ﾀｲﾌﾟ (販売11形式) : シモムラ一括請求書ｖｒ2,○,,,,,,,,,,,,,表示する,2014年12月03日,,
341,タキヒヨー株式会社,ﾀｷﾋﾖｰｶﾌﾞｼｷｶﾞｲｼｬ,タキヒヨー㈱,451-8688,愛知県名古屋市西区牛島町6-1,名古屋ルーセントタワー24Ｆ,第4営業部　貿易部621課,,,御中,052-587-7006,,,,E,清田　祐也E,掛売上,売上単価１,100.0 ,341,タキヒヨー株式会社,31,毎月末日締,切り捨て,切り捨て,外税/伝票計,0 ,0 ,201,振込,当座預金,翌月,31 ,当方負担,0 ,弥生 33430X 売上伝票/請求書 (販売11形式) : 新シモムラ,A4単票 334402ﾀｲﾌﾟ (販売11形式) : シモムラ一括請求書ｖｒ2,○,,,,,,,,,,,,,表示する,2015年04月24日,,
343,タキヒヨー株式会社,ﾀｷﾋﾖｰｶﾌﾞｼｷｶﾞｲｼｬ,タキヒヨー㈱,105-0004,東京都港区新橋１－７－１,,,,,御中,03-6274-5900,,,,B,板鼻健太郎B,掛売上,売上単価１,100.0 ,343,タキヒヨー株式会社,31,毎月末日締,切り捨て,切り捨て,外税/伝票計,0 ,"6,480 ",201,振込,当座預金,翌月,31 ,当方負担,0 ,弥生 33430X 売上伝票/請求書 (販売11形式) : 新シモムラ,A4単票 334402ﾀｲﾌﾟ (販売11形式) : シモムラ一括請求書ｖｒ2,×,,,,,,,,,,,,,表示する,2014年11月11日,,
345,玉一商店株式会社,ﾀﾏｲﾁｼｮｳﾃﾝ(ｶﾌﾞ),玉一商店㈱,491-0906,愛知県一宮市南出町８６番地の１,,,,,御中,0586-47-7400,,,,K,上村　茂K,掛売上,売上単価１,100.0 ,345,玉一商店株式会社,20,毎月20日締,切り捨て,切り捨て,外税/伝票計,0 ,0 ,201,振込,当座預金,翌月,20 ,当方負担,0 ,弥生 33430X 売上伝票/請求書 (販売11形式) : 新シモムラ,A4単票 334402ﾀｲﾌﾟ (販売11形式) : シモムラ一括請求書ｖｒ2,×,,,,,,,,,,,,,表示する,2014年11月11日,,
350,田村駒株式会社,ﾀﾑﾗｺﾏｶﾌﾞｼｷｶﾞｲｼｬ,田村駒㈱,150-0001,東京都渋谷区神宮前1-3-10,,第一事業部　第四部　第二課,,小林,様,03-5771-1648,,,,B,板鼻健太郎B,掛売上,売上単価１,100.0 ,350,田村駒株式会社,31,毎月末日締,切り捨て,切り捨て,外税/伝票計,0 ,0 ,000,,,翌月,31 ,当方負担,0 ,弥生 33430X 売上伝票/請求書 (販売11形式) : 新シモムラ,A4単票 334402ﾀｲﾌﾟ (販売11形式) : シモムラ一括請求書ｖｒ2,○,,,,,,,,,,,,,表示する,2016年04月06日,,
352,株式会社タカイ,ｶﾌﾞｼｷｶﾞｲｼｬﾀｶｲ,㈱タカイ,491-0005,愛知県一宮市西大海道戌亥７番地の２,,,,,御中,0586-76-3552,,,,E,清田　祐也E,掛売上,売上単価１,100.0 ,352,株式会社タカイ,31,毎月末日締,切り捨て,切り捨て,外税/伝票計,0 ,0 ,201,振込,当座預金,翌月,31 ,当方負担,0 ,弥生 33430X 売上伝票/請求書 (販売11形式) : 新シモムラ,A4単票 334402ﾀｲﾌﾟ (販売11形式) : シモムラ一括請求書ｖｒ2,○,,,,,,,,,,,,,表示する,2014年12月09日,,
353,株式会社多島,ｶﾌﾞｼｷｶﾞｲｼｬﾀｼﾞﾏ,㈱多島,923-0854,石川県小松市大領町ハ1番地,,,,,様,0761-48-5383,0761-48-6343,,,B,板鼻健太郎B,掛売上,売上単価１,100.0 ,353,株式会社多島,31,毎月末日締,切り捨て,切り捨て,外税/伝票計,0 ,0 ,201,振込,当座預金,翌月,0 ,当方負担,0 ,弥生 33430X 売上伝票/請求書 (販売11形式) : 新シモムラ,A4単票 334402ﾀｲﾌﾟ (販売11形式) : シモムラ一括請求書ｖｒ2,○,,,,,,,,,,,,,表示する,2015年05月27日,,
354,タカギプランズ,ﾀｶｷﾞﾌﾟﾗﾝｽﾞ,タカギプランズ,992-0003,山形県米沢市窪田町窪田1717-7,,,,,御中,0238-37-3343,0238-37-3343,,,B,板鼻健太郎B,掛売上,売上単価１,100.0 ,354,タカギプランズ,31,毎月末日締,切り捨て,切り捨て,外税/伝票計,0 ,0 ,000,,,当月,0 ,当方負担,0 ,弥生 33430X 売上伝票/請求書 (販売11形式) : 新シモムラ,A4単票 334402ﾀｲﾌﾟ (販売11形式) : シモムラ一括請求書ｖｒ2,○,,,,,,,,,,,,,表示する,2015年05月27日,,
362,株式会社チクマ,ｶﾌﾞｼｷｶﾞｲｼｬﾁｸﾏ,㈱チクマ,541-0047,大阪府大阪市中央区淡路町3-3-10,,婦人服地部輸出課,,,御中,06-6222-7705,,,,E,清田　祐也E,掛売上,売上単価１,100.0 ,362,株式会社チクマ,31,毎月末日締,切り捨て,切り捨て,外税/伝票計,0 ,0 ,000,,,翌月,31 ,当方負担,0 ,弥生 33430X 売上伝票/請求書 (販売11形式) : 新シモムラ,A4単票 334402ﾀｲﾌﾟ (販売11形式) : シモムラ一括請求書ｖｒ2,○,,,,,,,,,,,,,表示する,2016年03月16日,,
364,蝶理株式会社(原糸調整分),ﾁｮｳﾘ ｶﾌﾞ(ｹﾞﾝｼﾁｮｳｾｲﾌﾞﾝ),蝶理株式会社(原糸調整分),540-8603,大阪府大阪市中央区淡路町１丁目７番３号,,,,熊谷,様,06-6228-5371,,,,B,板鼻健太郎B,掛売上,売上単価１,100.0 ,364,蝶理株式会社(原糸調整分),31,毎月末日締,切り捨て,切り捨て,外税/伝票計,0 ,"274,335 ",201,振込,当座預金,翌月,31 ,当方負担,0 ,弥生 33430X 売上伝票/請求書 (販売11形式) : 新シモムラ,A4単票 334402ﾀｲﾌﾟ (販売11形式) : シモムラ一括請求書ｖｒ2,×,,,,,,,,,,,,,表示する,2016年07月06日,,
367,株式会社Ｃ’ｈａｐｐｙ Ｔｒａｄｉｎｇ,(ｶﾌﾞ)C'HAPPY TRADING,㈱C'HAPPY TRADING,541-0054,大阪府大阪市中央区南本町２－４－１１,第一住建本町ビル２０１号室,,,,御中,50-3387-3880,,,,E,清田　祐也E,掛売上,売上単価１,100.0 ,367,株式会社Ｃ’ｈａｐｐｙ Ｔｒａｄｉｎｇ,31,毎月末日締,切り捨て,切り捨て,外税/伝票計,0 ,"2,959,944 ",201,振込,当座預金,翌月,31 ,当方負担,0 ,弥生 33430X 売上伝票/請求書 (販売11形式) : 新シモムラ,A4単票 334402ﾀｲﾌﾟ (販売11形式) : シモムラ一括請求書ｖｒ2,×,,,,,,,,,,,,,表示する,2014年11月11日,,
371,蝶理株式会社,ﾁｮｳﾘ (ｶﾌﾞ),蝶理㈱,541-0047,大阪府大阪市中央区淡路町１－７－３,日土地堺筋ビル１０Ｆ,素材製品部  第２課,,,御中,06-6228-5361,,,,E,清田　祐也E,掛売上,売上単価１,100.0 ,371,蝶理株式会社,31,毎月末日締,切り捨て,切り捨て,外税/伝票計,0 ,"9,025,557 ",201,振込,当座預金,翌月,31 ,当方負担,0 ,弥生 33430X 売上伝票/請求書 (販売11形式) : 新シモムラ,A4単票 334402ﾀｲﾌﾟ (販売11形式) : シモムラ一括請求書ｖｒ2,×,,,,,,,,,,,,,表示する,2014年11月11日,,
373,蝶理株式会社,ﾁｮｳﾘｶﾌﾞｼｷｶﾞｲｼｬ,蝶理㈱,541-0047,大阪府大阪市中央区淡路町1-7-3,日土地堺筋ビル10F,紳士スポーツウェア部第１課,,,御中,06-6228-5340,,,,E,清田　祐也E,掛売上,売上単価１,100.0 ,373,蝶理株式会社,31,毎月末日締,切り捨て,切り捨て,外税/伝票計,0 ,"150,000 ",000,,,翌月,31 ,当方負担,0 ,弥生 33430X 売上伝票/請求書 (販売11形式) : 新シモムラ,A4単票 334402ﾀｲﾌﾟ (販売11形式) : シモムラ一括請求書ｖｒ2,○,,,,,,,,,,,,,表示する,2016年09月07日,,
375,有限会社ツカサ企画,ﾕｳｹﾞﾝｶﾞｲｼｬﾂｶｻｷｶｸ,㈲ツカサ企画,630-8115,奈良県奈良市大宮町７丁目２－２０,サンマンション新大宮２０１号,,,,御中,0742-36-0033,,,,B,板鼻健太郎B,掛売上,売上単価１,100.0 ,375,有限会社ツカサ企画,31,毎月末日締,切り捨て,切り捨て,外税/伝票計,0 ,0 ,201,振込,当座預金,当月,0 ,当方負担,0 ,弥生 33430X 売上伝票/請求書 (販売11形式) : 新シモムラ,A4単票 334402ﾀｲﾌﾟ (販売11形式) : シモムラ一括請求書ｖｒ2,○,,,,,,,,,,,,,表示する,2015年05月27日,,
376,蝶理株式会社,ﾁｮｳﾘ ｶﾌﾞ,蝶理㈱,540-8603,大阪府大阪市中央区淡路町１丁目７番３号,,繊維素材部門  素材製品部,,赤羽,様,06-6228-5371,,,,B,板鼻健太郎B,掛売上,売上単価１,100.0 ,376,蝶理株式会社,31,毎月末日締,切り捨て,切り捨て,外税/伝票計,0 ,0 ,201,振込,当座預金,翌月,31 ,当方負担,0 ,弥生 33430X 売上伝票/請求書 (販売11形式) : 新シモムラ,A4単票 334402ﾀｲﾌﾟ (販売11形式) : シモムラ一括請求書ｖｒ2,×,,,,,,,,,,,,,表示する,2014年11月11日,,
377,デビステキスタイル株式会社,ﾃﾞﾋﾞｽﾃｷｽﾀｲﾙｶﾌﾞｼｷｶﾞｲｼｬ,デビステキスタイル㈱,541-0053,大阪府大阪市中央区本町2-6-10,本町センタービル８Ｆ,営業・企画,,,御中,06-6252-1661,06-6252-1667,,,E,清田　祐也E,掛売上,売上単価１,100.0 ,377,デビステキスタイル株式会社,25,毎月25日締,切り捨て,切り捨て,外税/伝票計,0 ,"62,514 ",201,振込,当座預金,翌月,31 ,当方負担,0 ,弥生 33430X 売上伝票/請求書 (販売11形式) : 新シモムラ,A4単票 334402ﾀｲﾌﾟ (販売11形式) : シモムラ一括請求書ｖｒ2,○,,,,,,,,,,,,2015/9/1会社分割,表示する,2015年10月01日,,
378,蝶理株式会社,ﾁｮｳﾘｶﾌﾞｼｷｶﾞｲｼｬ,蝶理㈱,9208676,石川県金沢市昭和町16番1号,ヴィサージュオフィスゾーン15階,素材製品部2課,,熊谷,様,076-232-3524,,,,L,上村　茂L,掛売上,売上単価１,100.0 ,378,蝶理株式会社,31,毎月末日締,切り捨て,切り捨て,外税/伝票計,0 ,0 ,201,振込,当座預金,翌月,31 ,当方負担,0 ,弥生 33430X 売上伝票/請求書 (販売11形式) : 新シモムラ,A4単票 334402ﾀｲﾌﾟ (販売11形式) : シモムラ一括請求書ｖｒ2,○,,,,,,,,,,,,,表示する,2015年03月30日,,
380,津谷織物株式会社,ﾂﾔｵﾘﾓﾉｶﾌﾞｼｷｶﾞｲｼｬ,津谷織物㈱,919-0632,福井県あわら市春宮2丁目10-3,,,,,御中,0776-73-0014,,,,E,清田　祐也E,掛売上,売上単価１,100.0 ,380,津谷織物株式会社,31,毎月末日締,切り捨て,切り捨て,外税/伝票計,0 ,0 ,000,,,翌月,31 ,当方負担,0 ,弥生 33430X 売上伝票/請求書 (販売11形式) : 新シモムラ,A4単票 334402ﾀｲﾌﾟ (販売11形式) : シモムラ一括請求書ｖｒ2,○,,,,,,,,,,,,,表示する,2016年04月19日,,
381,帝人フロンティア株式会社,ﾃｲｼﾞﾝﾌﾛﾝﾃｨｱｶﾌﾞｼｷｶﾞｲｼｬ,帝人フロンティア㈱,5418540,大阪府大阪市中央区南本町1-6-7,帝人ビル14F,テキスタイル部第１課,,,御中,06-6266-8233,,,,E,清田　祐也E,掛売上,売上単価１,100.0 ,381,帝人フロンティア株式会社,31,毎月末日締,切り捨て,切り捨て,外税/伝票計,0 ,"16,092 ",000,,,翌月,31 ,当方負担,0 ,弥生 33430X 売上伝票/請求書 (販売11形式) : 新シモムラ,A4単票 334402ﾀｲﾌﾟ (販売11形式) : シモムラ一括請求書ｖｒ2,○,,,,,,,,,,,,,表示する,2016年03月15日,,
383,帝人フロンティア株式会社,ﾃｲｼﾞﾝﾌﾛﾝﾃｨｱｶﾌﾞ,帝人フロンティア㈱,541-8540,大阪府大阪市中央区南本町１丁目６番７号,帝人ビル  １６Ｆ,インテリア第一部  インテリア課,,西川,様,06-6266-8134,,,,X,上村　茂X,掛売上,売上単価１,100.0 ,383,帝人フロンティア株式会社,20,毎月20日締,切り捨て,切り捨て,外税/伝票計,0 ,0 ,201,振込,当座預金,翌月,31 ,当方負担,0 ,弥生 33430X 売上伝票/請求書 (販売11形式) : 新シモムラ,A4単票 334402ﾀｲﾌﾟ (販売11形式) : シモムラ一括請求書ｖｒ2,×,,,,,,,,,,,,,表示する,2015年06月10日,,
389,帝人フロンティア株式会社,ﾃｲｼﾞﾝﾌﾛﾝﾃｨｱｶﾌﾞｼｷｶﾞｲｼｬ,帝人フロンティア㈱,541-0054,大阪府大阪市中央区南本町1-6-7,,原料部第二課,,大寺,様,06-6266-8066,06-6266-8019,,,,,掛売上,売上単価１,100.0 ,389,帝人フロンティア株式会社,31,毎月末日締,切り捨て,切り捨て,外税/伝票計,0 ,0 ,000,,,当月,0 ,当方負担,0 ,弥生 33430X 売上伝票/請求書 (販売11形式) : 新シモムラ,A4単票 334402ﾀｲﾌﾟ (販売11形式) : シモムラ一括請求書ｖｒ2,○,,,,,,,,,,,,,表示する,2015年07月02日,,
394,テキスタイル新保,ﾃｷｽﾀｲﾙｼﾝﾎ,テキスタイル新保,924-0802,石川県白山市専福寺町394-20,,,,,御中,090-7084-7798,,,,B,板鼻健太郎B,掛売上,売上単価１,100.0 ,394,テキスタイル新保,31,毎月末日締,切り捨て,切り捨て,外税/伝票計,0 ,0 ,201,振込,当座預金,翌月,31 ,当方負担,0 ,弥生 33430X 売上伝票/請求書 (販売11形式) : 新シモムラ,A4単票 334402ﾀｲﾌﾟ (販売11形式) : シモムラ一括請求書ｖｒ2,○,,,,,,,,,,,,,表示する,2015年04月23日,,
395,株式会社テクノコージ,ｶﾌﾞｼｷｶﾞｲｼｬﾃｸﾉｺｰｼﾞ,㈱テクノコージ,916-0015,福井県鯖江市御幸町2丁目7-10,,,,田中,様,0778-51-5941,,,,B,板鼻健太郎B,掛売上,売上単価１,100.0 ,395,株式会社テクノコージ,31,毎月末日締,切り捨て,切り捨て,外税/伝票計,0 ,0 ,000,,,翌月,31 ,当方負担,0 ,弥生 33430X 売上伝票/請求書 (販売11形式) : 新シモムラ,A4単票 334402ﾀｲﾌﾟ (販売11形式) : シモムラ一括請求書ｖｒ2,○,,,,,,,,,,,,,表示する,2015年04月09日,,
396,冨田商事株式会社,ﾄﾐﾀｼｮｳｼﾞｶﾌﾞｼｷｶﾞｲｼｬ,冨田商事㈱,918-8239,福井県福井市成和1丁目1235番地,,,専務取締役,木村敏己,様,0776-24-7158,,,,B,板鼻健太郎B,掛売上,売上単価１,100.0 ,396,冨田商事株式会社,20,毎月20日締,切り捨て,切り捨て,外税/伝票計,0 ,0 ,000,,,翌月,31 ,当方負担,0 ,弥生 33430X 売上伝票/請求書 (販売11形式) : 新シモムラ,A4単票 334402ﾀｲﾌﾟ (販売11形式) : シモムラ一括請求書ｖｒ2,○,,,,,,,,,,,,,表示する,2016年02月08日,,
401,東レ株式会社,ﾄｳﾚｶﾌﾞｼｷｶﾞｲｼｬ,東レ㈱,5308222,大阪市北区中之島3丁目3番3号,中之島三井ビル,テトロン衣料課,,,御中,06-7688-3555,06-7688-3154,,,B,板鼻健太郎B,掛売上,売上単価１,100.0 ,401,東レ株式会社,31,毎月末日締,切り捨て,切り捨て,外税/伝票計,0 ,0 ,201,振込,当座預金,翌月,0 ,当方負担,0 ,弥生 33430X 売上伝票/請求書 (販売11形式) : 新シモムラ,A4単票 334402ﾀｲﾌﾟ (販売11形式) : シモムラ一括請求書ｖｒ2,○,,,,,,,,,,,,,表示する,2016年04月06日,,
403,東レインターナショナル株式会社,ﾄｳﾚｲﾝﾀｰﾅｼｮﾅﾙｶﾌﾞｼｷｶﾞｲｼｬ,東レインターナショナル㈱,5308222,大阪府大阪市北区中之島3丁目3番3号,中之島三井ビル,テキスタイル貿易部テキスタイル貿易課,,,御中,06-6445-3569,,,,E,清田　祐也E,掛売上,売上単価１,100.0 ,403,東レインターナショナル株式会社,99,その他,切り捨て,切り捨て,外税/伝票計,0 ,0 ,000,,,当月,0 ,当方負担,0 ,弥生 33430X 売上伝票/請求書 (販売11形式) : 新シモムラ,A4単票 334402ﾀｲﾌﾟ (販売11形式) : シモムラ一括請求書ｖｒ2,○,,,,,,,,,,,,,表示する,2016年06月20日,,
413,東洋紡アパレルシステムズ株式会社,ﾄｳﾖｳﾎﾞｳｱﾊﾟﾚﾙｼｽﾃﾑｽﾞｶﾌﾞｼｷｶﾞｲｼｬ,東洋紡アパレルシステムズ,530-0004,大阪府大阪市北区堂島浜二丁目２番８号,東洋紡ビル９階,生産管理部,,永山,様,06-6341-6680,,,,K,上村　茂K,掛売上,売上単価１,100.0 ,413,東洋紡アパレルシステムズ株式会社,31,毎月末日締,切り捨て,切り捨て,外税/伝票計,0 ,0 ,201,振込,当座預金,翌月,25 ,当方負担,0 ,弥生 33430X 売上伝票/請求書 (販売11形式) : 新シモムラ,A4単票 334402ﾀｲﾌﾟ (販売11形式) : シモムラ一括請求書ｖｒ2,○,,,,,,,,,,,,,表示する,2014年11月20日,,
415,東洋紡ＳＴＣ株式会社,ﾄｳﾖｳﾎﾞｳSTCｶﾌﾞｼｷｶﾞｲｼｬ,東洋紡ＳＴＣ㈱,530-0004,大阪府大阪市北区堂島浜二丁目２番８号,東洋紡ビル９階　東洋紡ｱﾊﾟﾚﾙｼｽﾃﾑｽﾞ㈱内,東洋紡ＳＴＣ㈱　マンシングウェアグループ,,丸井,様,06-6341-6680,,,,K,上村　茂K,掛売上,売上単価１,100.0 ,415,東洋紡ＳＴＣ株式会社,31,毎月末日締,切り捨て,切り捨て,外税/伝票計,0 ,0 ,201,振込,当座預金,翌月,31 ,当方負担,0 ,弥生 33430X 売上伝票/請求書 (販売11形式) : 新シモムラ,A4単票 334402ﾀｲﾌﾟ (販売11形式) : シモムラ一括請求書ｖｒ2,○,,,,,,,,,,,,,表示する,2015年02月21日,,
418,外与株式会社,ﾄﾉﾖｶﾌﾞｼｷｶﾞｲｼｬ,外与㈱,541-0052,大阪府大阪市中央区安土町３丁目３番２号,,,,,御中,06-6261-4691,,,,K,上村　茂K,掛売上,売上単価１,100.0 ,418,外与株式会社,31,毎月末日締,切り捨て,切り捨て,外税/伝票計,0 ,0 ,201,振込,当座預金,翌月,31 ,当方負担,0 ,弥生 33430X 売上伝票/請求書 (販売11形式) : 新シモムラ,A4単票 334402ﾀｲﾌﾟ (販売11形式) : シモムラ一括請求書ｖｒ2,○,,,,,,,,,,,,,表示する,2014年12月16日,,
424,豊島株式会社,ﾄﾖｼﾏ(ｶﾌﾞ),豊島㈱,541-0053,大阪府大阪市中央区本町１－５－７,西村ビル８Ｆ  ＲＭ  ８０１２,１０部１課,,,御中,06-6484-7427,,,,E,清田　祐也E,掛売上,売上単価１,100.0 ,424,豊島株式会社,25,毎月25日締,切り捨て,切り捨て,外税/伝票計,0 ,0 ,201,振込,当座預金,翌月,20 ,当方負担,0 ,弥生 33430X 売上伝票/請求書 (販売11形式) : 新シモムラ,A4単票 334402ﾀｲﾌﾟ (販売11形式) : シモムラ一括請求書ｖｒ2,×,,,,,,,,,,,,,表示する,2014年11月11日,,
426,豊島株式会社    東京本社,ﾄﾖｼﾏｶﾌﾞ,豊島㈱    東京本社,101-0033,東京都千代田区神田岩本町二番一  ８階,,東京ニ部ニ課,課長,鈴木,様,03-4334-6014,,,,L,上村　茂L,掛売上,売上単価１,100.0 ,426,豊島株式会社    東京本社,20,毎月20日締,切り捨て,切り捨て,外税/伝票計,0 ,"682,812 ",201,振込,当座預金,翌月,31 ,当方負担,0 ,弥生 33430X 売上伝票/請求書 (販売11形式) : 新シモムラ,A4単票 334402ﾀｲﾌﾟ (販売11形式) : シモムラ一括請求書ｖｒ2,×,,,,,,,,,,,,,表示する,2016年01月30日,,
428,豊島株式会社,ﾄﾖｼﾏ(ｶﾌﾞ),豊島㈱,460-0003,愛知県名古屋市中区錦２－１５－１５,,三部十課,,,御中,052-204-7510,,,,E,清田　祐也E,掛売上,売上単価１,100.0 ,428,豊島株式会社,25,毎月25日締,切り捨て,切り捨て,外税/伝票計,0 ,"7,296,969 ",201,振込,当座預金,翌月,20 ,当方負担,0 ,弥生 33430X 売上伝票/請求書 (販売11形式) : 新シモムラ,A4単票 334402ﾀｲﾌﾟ (販売11形式) : シモムラ一括請求書ｖｒ2,×,,,,,,,,,,,,,表示する,2016年07月01日,,
429,株式会社トレスアクア,ｶﾌﾞｼｷｶﾞｲｼｬﾄﾚｽｱｸｱ,㈱トレスアクア,921-8014,石川県金沢市糸田２丁目２０３－１　２階,,,,濱口,様,076-214-6167,,,,B,板鼻健太郎B,掛売上,売上単価１,100.0 ,429,株式会社トレスアクア,20,毎月20日締,切り捨て,切り捨て,外税/伝票計,0 ,0 ,201,振込,当座預金,翌月,25 ,当方負担,0 ,弥生 33430X 売上伝票/請求書 (販売11形式) : 新シモムラ,A4単票 334402ﾀｲﾌﾟ (販売11形式) : シモムラ一括請求書ｖｒ2,○,,,,,,,,,,,,,表示する,2015年02月19日,,
430,東北整練株式会社,ﾄｳﾎｸｾｲﾚﾝｶﾌﾞｼｷｶﾞｲｼｬ,東北整練㈱,992-0003,山形県米沢市窪田町窪田２７３６－１,,,,,御中,0238-37-6600,0238-37-7811,,,E,清田　祐也E,掛売上,売上単価１,100.0 ,430,東北整練株式会社,31,毎月末日締,切り捨て,切り捨て,外税/伝票計,0 ,"1,327,023 ",000,,,翌月,31 ,当方負担,0 ,弥生 33430X 売上伝票/請求書 (販売11形式) : 新シモムラ,A4単票 334402ﾀｲﾌﾟ (販売11形式) : シモムラ一括請求書ｖｒ2,○,,,,,,,,,,,,,表示する,2015年06月10日,,
431,トスコ株式会社,ﾄｽｺｶﾌﾞｼｷｶﾞｲｼｬ,トスコ㈱,103-0013,東京都中央区日本橋人形町1丁目1番10号,,,,,様,03-3667-2121,,,,B,板鼻健太郎B,掛売上,売上単価１,100.0 ,431,トスコ株式会社,31,毎月末日締,切り捨て,切り捨て,外税/伝票計,0 ,0 ,000,,,当月,0 ,当方負担,0 ,弥生 33430X 売上伝票/請求書 (販売11形式) : 新シモムラ,A4単票 334402ﾀｲﾌﾟ (販売11形式) : シモムラ一括請求書ｖｒ2,○,,,,,,,,,,,,,表示する,2015年05月27日,,
434,外与株式会社,,外与㈱,103-0012,東京都中央区日本橋堀留町1-10-12,,,,安居,様,03-3664-6952,,,,k,上村　茂K,掛売上,売上単価１,100.0 ,434,外与株式会社,31,毎月末日締,切り捨て,切り捨て,外税/伝票計,0 ,"6,177 ",000,,,翌月,31 ,当方負担,0 ,弥生 33430X 売上伝票/請求書 (販売11形式) : 新シモムラ,A4単票 334402ﾀｲﾌﾟ (販売11形式) : シモムラ一括請求書ｖｒ2,○,,,,,,,,,,,,,表示する,2015年12月26日,,
454,中木戸織物有限会社,ﾅｶｷﾄﾞｵﾘﾓﾉ,中木戸織物㈲,923-0053,石川県小松市河田町リ４５,,,,,御中,0761-47-1121,,,,B,板鼻健太郎B,掛売上,売上単価１,100.0 ,454,中木戸織物有限会社,31,毎月末日締,切り捨て,切り捨て,外税/伝票計,0 ,0 ,201,振込,当座預金,翌月,31 ,当方負担,0 ,弥生 33430X 売上伝票/請求書 (販売11形式) : 新シモムラ,A4単票 334402ﾀｲﾌﾟ (販売11形式) : シモムラ一括請求書ｖｒ2,○,,,,,,,,,,,,,表示する,2014年11月11日,,
456,ニシキミ株式会社,ﾆｼｷﾐ(ｶﾌﾞ),ニシキミ㈱,501-0224,岐阜県瑞穂市稲里３４１番地,,,社長,錦見,様,058-327-6295,,,,K,上村　茂K,掛売上,売上単価１,100.0 ,456,ニシキミ株式会社,20,毎月20日締,切り捨て,切り捨て,外税/伝票計,0 ,0 ,201,振込,当座預金,翌月,31 ,当方負担,0 ,弥生 33430X 売上伝票/請求書 (販売11形式) : 新シモムラ,A4単票 334402ﾀｲﾌﾟ (販売11形式) : シモムラ一括請求書ｖｒ2,×,,,,,,,,,,,,,表示する,2014年11月11日,,
458,株式会社ナカヒロ,ｶﾌﾞ ﾅｶﾋﾛ,㈱ナカヒロ,541-0048,大阪府大阪市中央区瓦町３丁目３－１０,ニッケ大阪ビル７Ｆ,ビジネス事業部,課長,加藤,様,06-7178-1984,,,,L,上村　茂L,掛売上,売上単価１,100.0 ,458,株式会社ナカヒロ,10,毎月10日締,切り捨て,切り捨て,外税/伝票計,0 ,"54,000 ",201,振込,当座預金,翌月,31 ,当方負担,0 ,弥生 33430X 売上伝票/請求書 (販売11形式) : 新シモムラ,A4単票 334402ﾀｲﾌﾟ (販売11形式) : シモムラ一括請求書ｖｒ2,×,,,,,,,,,,,,,表示する,2015年03月02日,,
459,株式会社ナカヒロ  東京支店,(ｶﾌﾞ)ﾅｶﾋﾛ ﾄｳｷｮｳｼﾃﾝ,㈱ナカヒロ  東京支店,104-0032,東京都中央区八丁堀１丁目２－８,タビックスビル７階,ビジネス事業部東京販売課,課長,森村,様,03-6327-7713,,,,L,上村　茂L,掛売上,売上単価１,100.0 ,459,株式会社ナカヒロ  東京支店,10,毎月10日締,切り捨て,切り捨て,外税/伝票計,0 ,"1,021,501 ",201,振込,当座預金,翌月,31 ,当方負担,0 ,弥生 33430X 売上伝票/請求書 (販売11形式) : 新シモムラ,A4単票 334402ﾀｲﾌﾟ (販売11形式) : シモムラ一括請求書ｖｒ2,×,,,,,,,,,,,,,表示する,2015年05月16日,,
461,日新実業株式会社,T.ﾆｯｼﾝｼﾞﾂｷﾞｮｳ ｶﾌﾞ,日新実業㈱,101-0062,東京都千代田区神田駿河台３－４,龍名館本店ビル４階,業務推進本部,,,御中,03-3253-5558,,,,L,上村　茂L,掛売上,売上単価１,100.0 ,461,日新実業株式会社,20,毎月20日締,切り捨て,切り捨て,外税/伝票計,0 ,"1,807,269 ",201,振込,当座預金,翌月,31 ,当方負担,0 ,弥生 33430X 売上伝票/請求書 (販売11形式) : 新シモムラ,A4単票 334402ﾀｲﾌﾟ (販売11形式) : シモムラ一括請求書ｖｒ2,×,,,,,,,,,,,,,表示する,2014年11月11日,,
462,ＴＨプランニング,thﾌﾟﾗﾝﾆﾝｸﾞ,ＴＨプランニング,940-0221,新潟県長岡市金町１－５－１５,,,,張戸,様,0258-86-7455,,,,k,上村　茂K,掛売上,売上単価１,100.0 ,462,ＴＨプランニング,31,毎月末日締,切り捨て,切り捨て,外税/伝票計,0 ,0 ,000,,,翌月,31 ,当方負担,0 ,弥生 33430X 売上伝票/請求書 (販売11形式) : 新シモムラ,A4単票 334402ﾀｲﾌﾟ (販売11形式) : シモムラ一括請求書ｖｒ2,○,,,,,,,,,,,,,表示する,2014年12月03日,,
463,日本合繊工業株式会社,ﾆﾎﾝｺﾞｳｾﾝｺｳｷﾞｮｳｶﾌﾞｼｷｶﾞｲｼｬ,日本合繊工業㈱,601-8212,京都府京都市南区久世上久世町６６１,,,,,御中,075-931-2185,075-921-3458,,,B,板鼻健太郎B,掛売上,売上単価１,100.0 ,463,日本合繊工業株式会社,31,毎月末日締,切り捨て,切り捨て,外税/伝票計,0 ,0 ,000,,,当月,0 ,当方負担,0 ,弥生 33430X 売上伝票/請求書 (販売11形式) : 新シモムラ,A4単票 334402ﾀｲﾌﾟ (販売11形式) : シモムラ一括請求書ｖｒ2,○,,,,,,,,,,,,,表示する,2015年05月27日,,
464,株式会社ニッケファブリック,ｶﾌﾞｼｷｶﾞｲｼｬﾆｯｹﾌｧﾌﾞﾘｯｸ,㈱ニッケファブリック,491-0053,愛知県一宮市今伊勢町本神戸字河原１,,,,,御中,0586-26-2420,0586-26-2339,,,B,板鼻健太郎B,掛売上,売上単価１,100.0 ,464,株式会社ニッケファブリック,31,毎月末日締,切り捨て,切り捨て,外税/伝票計,0 ,0 ,000,,,当月,0 ,当方負担,0 ,弥生 33430X 売上伝票/請求書 (販売11形式) : 新シモムラ,A4単票 334402ﾀｲﾌﾟ (販売11形式) : シモムラ一括請求書ｖｒ2,○,,,,,,,,,,,,,表示する,2015年07月02日,,
465,株式会社ニットマテリアル,ｶﾌﾞｼｷｶﾞｲｼｬﾆｯﾄﾏﾃﾘｱﾙ,㈱ニットマテリアル,400-0047,山梨県甲府市徳行1丁目14-16,,,,,御中,055-237-3309,055-237-8344,,,,,掛売上,売上単価１,100.0 ,465,株式会社ニットマテリアル,31,毎月末日締,切り捨て,切り捨て,外税/伝票計,0 ,0 ,000,,,当月,0 ,当方負担,0 ,弥生 33430X 売上伝票/請求書 (販売11形式) : 新シモムラ,A4単票 334402ﾀｲﾌﾟ (販売11形式) : シモムラ一括請求書ｖｒ2,○,,,,,,,,,,,,,表示する,2015年07月02日,,
466,ニットーボー新潟株式会社,ﾆｯﾄｰﾎﾞｰﾆｲｶﾞﾀｶﾌﾞｼｷｶﾞｲｼｬ,ニットーボー新潟㈱,950-0065,新潟県新潟市東区東新町6-50,,,,,御中,025-273-7193,025-273-3625,,,,,掛売上,売上単価１,100.0 ,466,ニットーボー新潟株式会社,31,毎月末日締,切り捨て,切り捨て,外税/伝票計,0 ,0 ,000,,,当月,0 ,当方負担,0 ,弥生 33430X 売上伝票/請求書 (販売11形式) : 新シモムラ,A4単票 334402ﾀｲﾌﾟ (販売11形式) : シモムラ一括請求書ｖｒ2,○,,,,,,,,,,,,,表示する,2015年07月10日,,
467,株式会社ニシキ,ｶﾌﾞｼｷｶﾞｲｼｬﾆｼｷ,㈱ニシキ,501-0224,岐阜県瑞穂市稲里341番地,,,代表取締役,錦見龍雄,様,058-327-6295,,,,K,上村　茂K,掛売上,売上単価１,100.0 ,467,株式会社ニシキ,20,毎月20日締,切り捨て,切り捨て,外税/伝票計,0 ,"83,824 ",000,,,当月,31 ,当方負担,0 ,弥生 33430X 売上伝票/請求書 (販売11形式) : 新シモムラ,A4単票 334402ﾀｲﾌﾟ (販売11形式) : シモムラ一括請求書ｖｒ2,○,,,,,,,,,,,,,表示する,2015年11月02日,,
468,ニッシン・トーア株式会社,ﾆｯｼﾝ･ﾄｰｱｶﾌﾞｼｷｶﾞｲｼｬ,ニッシン・トーア㈱,541-0056,大阪府大阪市中央区久太郎町1-4-8,堺筋本町ガーデンスクエアビル10階,,,,御中,06-6262-0402,,,,B,板鼻健太郎B,掛売上,売上単価１,100.0 ,468,ニッシン・トーア株式会社,31,毎月末日締,切り捨て,切り捨て,外税/伝票計,0 ,0 ,000,,,翌月,31 ,当方負担,0 ,弥生 33430X 売上伝票/請求書 (販売11形式) : 新シモムラ,A4単票 334402ﾀｲﾌﾟ (販売11形式) : シモムラ一括請求書ｖｒ2,○,,,,,,,,,,,,,表示する,2016年05月06日,,
469,ニッシン・トーア株式会社,ﾆｯｼﾝ･ﾄｰｱｶﾌﾞｼｷｶﾞｲｼｬ,ニッシン・トーア㈱,432-8042,静岡県浜松市中区上浅田1-9-5,,東京繊維部　浜松営業所,,,御中,053-452-4175,,,,B,板鼻健太郎B,掛売上,売上単価１,100.0 ,469,ニッシン・トーア株式会社,31,毎月末日締,切り捨て,切り捨て,外税/伝票計,0 ,"511,666 ",000,,,翌月,31 ,当方負担,0 ,弥生 33430X 売上伝票/請求書 (販売11形式) : 新シモムラ,A4単票 334402ﾀｲﾌﾟ (販売11形式) : シモムラ一括請求書ｖｒ2,○,,,,,,,,,,,,,表示する,2016年05月14日,,
480,ノベチェント株式会社,ﾉﾍﾞﾁｪﾝﾄ (ｶﾌﾞ),ノベチェント㈱,141-0031,東京都品川区西五反田８－９－１１,グレンパーク　Ｇ－ＷＥＳＴ３０３,,,村崎,様,03-5759-8215,,,,K,上村　茂K,掛売上,売上単価１,100.0 ,480,ノベチェント株式会社,31,毎月末日締,切り捨て,切り捨て,外税/伝票計,0 ,0 ,201,振込,当座預金,翌月,31 ,当方負担,0 ,弥生 33430X 売上伝票/請求書 (販売11形式) : 新シモムラ,A4単票 334402ﾀｲﾌﾟ (販売11形式) : シモムラ一括請求書ｖｒ2,×,,,,,,,,,,,,,表示する,2015年04月29日,,
481,株式会社中健商店,ｶﾌﾞｼｷｶﾞｲｼｬﾅｶｹﾝｼｮｳﾃﾝ,㈱中健商店,918-8239,福井県福井市成和1-2101,,,,,御中,0776-24-2462,,,,B,板鼻健太郎B,掛売上,売上単価１,100.0 ,481,株式会社中健商店,31,毎月末日締,切り捨て,切り捨て,外税/伝票計,0 ,0 ,000,,,翌月,31 ,当方負担,0 ,弥生 33430X 売上伝票/請求書 (販売11形式) : 新シモムラ,A4単票 334402ﾀｲﾌﾟ (販売11形式) : シモムラ一括請求書ｖｒ2,○,,,,,,,,,,,,,表示する,2015年05月21日,,
491,第一合繊株式会社,ﾀﾞｲｲﾁｺｳｾﾝｶﾌﾞｼｷｶｲｼｬ,第一合繊㈱,954-0082,新潟県見附市柳橋町３３６－１,,生産部,部長,諸橋,様,0258-66-3700,,,,B,板鼻健太郎B,掛売上,売上単価１,100.0 ,491,第一合繊株式会社,31,毎月末日締,切り捨て,切り捨て,外税/伝票計,0 ,"765,882 ",201,振込,当座預金,翌月,15 ,当方負担,0 ,弥生 33430X 売上伝票/請求書 (販売11形式) : 新シモムラ,A4単票 334402ﾀｲﾌﾟ (販売11形式) : シモムラ一括請求書ｖｒ2,○,,,,,,,,,,,,,表示する,2014年11月18日,,
492,第一合繊株式会社,ﾀﾞｲｲﾁｺﾞｳｾﾝｶﾌﾞｼｷｶﾞｲｼｬ,第一合繊㈱,954-0082,新潟県見附市柳橋町336-1,,営業部,部長,河内,様,0258-66-3700,,,,B,板鼻健太郎B,掛売上,売上単価１,100.0 ,492,第一合繊株式会社,31,毎月末日締,切り捨て,切り捨て,外税/伝票計,0 ,0 ,201,振込,当座預金,翌月,31 ,当方負担,0 ,弥生 33430X 売上伝票/請求書 (販売11形式) : 新シモムラ,A4単票 334402ﾀｲﾌﾟ (販売11形式) : シモムラ一括請求書ｖｒ2,○,,,,,,,,,,,,,表示する,2015年03月20日,,
493,第一合繊株式会社,ﾀﾞｲｲﾁｺﾞｳｾﾝｶﾌﾞｼｷｶﾞｲｼｬ,第一合繊㈱,954-0082,新潟県見附市柳橋町336-1,,開発部,部長,酒井,様,0258-66-6660,,,,B,板鼻健太郎B,掛売上,売上単価１,100.0 ,493,第一合繊株式会社,31,毎月末日締,切り捨て,切り捨て,外税/伝票計,0 ,0 ,000,,,翌月,15 ,当方負担,0 ,弥生 33430X 売上伝票/請求書 (販売11形式) : 新シモムラ,A4単票 334402ﾀｲﾌﾟ (販売11形式) : シモムラ一括請求書ｖｒ2,○,,,,,,,,,,,,,表示する,2015年07月18日,,
494,第一合繊株式会社,ﾀﾞｲｲﾁｺﾞｳｾﾝｶﾌﾞｼｷｶﾞｲｼｬ,第一合繊株式会社,954-0082,新潟県見附市柳橋町336-1,,業務部,,,御中,0258-66-3700,,,,B,板鼻健太郎B,掛売上,売上単価１,100.0 ,494,第一合繊株式会社,31,毎月末日締,切り捨て,切り捨て,外税/伝票計,0 ,0 ,000,,,翌月,15 ,当方負担,0 ,弥生 33430X 売上伝票/請求書 (販売11形式) : 新シモムラ,A4単票 334402ﾀｲﾌﾟ (販売11形式) : シモムラ一括請求書ｖｒ2,○,,,,,,,,,,,,,表示する,2015年12月26日,,
526,ひかり商事株式会社,ﾋｶﾘｼｮｳｼﾞｶﾌﾞｼｷｶﾞｲｼｬ,ひかり商事㈱,910-0854,福井県福井市御幸4丁目21番10号,,,,山田,様,0776-24-3111,,,,B,板鼻健太郎B,掛売上,売上単価１,100.0 ,526,ひかり商事株式会社,31,毎月末日締,切り捨て,切り捨て,外税/伝票計,0 ,0 ,000,,,翌月,31 ,当方負担,0 ,弥生 33430X 売上伝票/請求書 (販売11形式) : 新シモムラ,A4単票 334402ﾀｲﾌﾟ (販売11形式) : シモムラ一括請求書ｖｒ2,○,,,,,,,,,,,,,表示する,2015年01月17日,,
533,ヒロタ商事,ﾋﾛﾀｼｮｳｼﾞ,ヒロタ商事,923-0998,石川県小松市義仲町169,,,,,御中,0761-21-1924,0761-21-1976,,,,,掛売上,売上単価１,100.0 ,533,ヒロタ商事,31,毎月末日締,切り捨て,切り捨て,外税/伝票計,0 ,0 ,000,,,当月,0 ,当方負担,0 ,弥生 33430X 売上伝票/請求書 (販売11形式) : ソフィーナ売伝/支払通知/納品書,A4単票 334402ﾀｲﾌﾟ (販売11形式) : シモムラ一括請求書ｖｒ2,○,,,,,,,,,,,,,表示する,2016年07月04日,,
534,広撚株式会社,ﾋﾛﾈﾝｶﾌﾞｼｷｶﾞｲｼｬ,広撚㈱,9108668,福井県福井市順化2-12-1,,テキスタイル2部33課,,,御中,0776-20-2615,,,,B,板鼻健太郎B,掛売上,売上単価１,100.0 ,534,広撚株式会社,31,毎月末日締,切り捨て,切り捨て,外税/伝票計,0 ,0 ,000,,,翌月,31 ,当方負担,0 ,弥生 33430X 売上伝票/請求書 (販売11形式) : 新シモムラ,A4単票 334402ﾀｲﾌﾟ (販売11形式) : シモムラ一括請求書ｖｒ2,○,,,,,,,,,,,,,表示する,2015年09月02日,,
535,広撚株式会社ＴＸ第１部２１課,ﾋﾛﾈﾝｶﾌﾞｼｷｶﾞｲｼｬ,広撚株式会社,910-0023,福井県福井市順化2-12-1,,,,,御中,0776-20-2511,,,,E,清田　祐也E,掛売上,売上単価１,100.0 ,535,広撚株式会社ＴＸ第１部２１課,31,毎月末日締,切り捨て,切り捨て,外税/伝票計,0 ,0 ,000,,,翌月,31 ,当方負担,0 ,弥生 33430X 売上伝票/請求書 (販売11形式) : 新シモムラ,A4単票 334402ﾀｲﾌﾟ (販売11形式) : シモムラ一括請求書ｖｒ2,○,,,,,,,,,,,,,表示する,2015年12月26日,,
536,広撚株式会社,ﾋﾛﾈﾝｶﾌﾞｼｷｶﾞｲｼｬ,広撚㈱,453-0804,愛知県名古屋市中村区黄金通3-28-1,,衣料販売部名古屋,,西尾,様,052-461-3411,,,,B,板鼻健太郎B,掛売上,売上単価１,100.0 ,536,広撚株式会社,31,毎月末日締,切り捨て,切り捨て,外税/伝票計,0 ,"105,649 ",201,振込,当座預金,翌月,31 ,当方負担,0 ,弥生 33430X 売上伝票/請求書 (販売11形式) : 新シモムラ,A4単票 334402ﾀｲﾌﾟ (販売11形式) : シモムラ一括請求書ｖｒ2,○,,,,,,,,,,,,,表示する,2015年02月03日,,
537,広撚株式会社,ﾋﾛﾈﾝｶﾌﾞｼｷｶﾞｲｼｬ,広撚㈱,910-0023,福井県福井市順化２－１２－１,,ＴＸ第２部２３課,,,御中,0776-20-2500,,,,E,清田　祐也E,掛売上,売上単価１,100.0 ,537,広撚株式会社,31,毎月末日締,切り捨て,切り捨て,外税/伝票計,0 ,0 ,201,振込,当座預金,翌月,31 ,当方負担,0 ,弥生 33430X 売上伝票/請求書 (販売11形式) : 新シモムラ,A4単票 334402ﾀｲﾌﾟ (販売11形式) : シモムラ一括請求書ｖｒ2,○,,,,,,,,,,,,,表示する,2014年11月11日,,
539,広撚株式会社,ﾋﾛﾈﾝｶﾌﾞｼｷｶﾞｲｼｬ,広撚㈱,9108668,福井県福井市順化2丁目12番1号,,95課,,,御中,0776-20-2514,,,,,,掛売上,売上単価１,100.0 ,539,広撚株式会社,31,毎月末日締,切り捨て,切り捨て,外税/伝票計,0 ,0 ,201,振込,当座預金,翌月,31 ,当方負担,0 ,弥生 33430X 売上伝票/請求書 (販売11形式) : 新シモムラ,A4単票 334402ﾀｲﾌﾟ (販売11形式) : シモムラ一括請求書ｖｒ2,○,,,,,,,,,,,,,表示する,2015年06月25日,,
541,広撚株式会社,ﾋﾛﾈﾝｶﾌﾞｼｷｶﾞｲｼｬ,広撚㈱,160-0022,東京都新宿区新宿二丁目14番6号,第二早川屋ビル5階,衣料販売部東京販売課,,昆布,様,03-5360-1970,,,,B,板鼻健太郎B,掛売上,売上単価１,100.0 ,541,広撚株式会社,31,毎月末日締,切り捨て,切り捨て,外税/伝票計,0 ,0 ,000,,,翌月,31 ,当方負担,0 ,弥生 33430X 売上伝票/請求書 (販売11形式) : 新シモムラ,A4単票 334402ﾀｲﾌﾟ (販売11形式) : シモムラ一括請求書ｖｒ2,○,,,,,,,,,,,,,表示する,2016年07月15日,,
543,株式会社フジ工芸,(ｶﾌﾞ) ﾌｼﾞｺｳｹﾞｲ,㈱フジ工芸,955-0057,新潟県三条市新光町２５－３６,,,,,御中,,0256-35-7397,,,X,上村　茂X,掛売上,売上単価１,100.0 ,543,株式会社フジ工芸,31,毎月末日締,切り捨て,切り捨て,外税/伝票計,0 ,0 ,201,振込,当座預金,翌月,31 ,当方負担,0 ,弥生 33430X 売上伝票/請求書 (販売11形式) : 新シモムラ,A4単票 334402ﾀｲﾌﾟ (販売11形式) : シモムラ一括請求書ｖｒ2,×,,,,,,,,,,,,,表示する,2015年03月30日,,
544,株式会社深谷由松商店 北陸支店,ｶﾌﾞ.ﾌｶﾔﾖｼﾏﾂｼｮｳﾃﾝ ﾎｸﾘｸｼﾃﾝ,㈱深谷由松商店 北陸支店,921-8014,石川県金沢市糸田2丁目203の1 2階,,,,福浦,様,076-214-6167,,,,B,板鼻健太郎B,掛売上,売上単価１,100.0 ,544,株式会社深谷由松商店 北陸支店,20,毎月20日締,切り捨て,切り捨て,外税/伝票計,0 ,0 ,201,振込,当座預金,翌月,31 ,当方負担,0 ,弥生 33430X 売上伝票/請求書 (販売11形式) : 新シモムラ,A4単票 334402ﾀｲﾌﾟ (販売11形式) : シモムラ一括請求書ｖｒ2,○,,,,,,,,,,,,,表示する,2015年03月26日,,
545,株式会社深谷由松商店,ｶﾌﾞｼｷｶﾞｲｼｬﾌｶﾔﾕﾏﾂｼｮｳﾃﾝ,㈱深谷由松商店,444-0061,愛知県岡崎市能見町39,,,,,御中,0564-22-1664,0564-22-3324,,,,,掛売上,売上単価１,100.0 ,545,株式会社深谷由松商店,20,毎月20日締,切り捨て,切り捨て,外税/伝票計,0 ,0 ,000,,,当月,0 ,当方負担,0 ,弥生 33430X 売上伝票/請求書 (販売11形式) : 新シモムラ,A4単票 334402ﾀｲﾌﾟ (販売11形式) : シモムラ一括請求書ｖｒ2,○,,,,,,,,,,,,,表示する,2016年03月24日,,
547,有限会社プロウ,(ﾕｳ)ﾌﾟﾛｳ,㈲プロウ,573-1116,大阪府枚方市船橋本町２丁目６７－２３,,,代表取締役,岩本,様,072-851-1901,,,,X,上村　茂X,掛売上,売上単価１,100.0 ,547,有限会社プロウ,31,毎月末日締,切り捨て,切り捨て,外税/伝票計,0 ,0 ,201,振込,当座預金,翌月,31 ,当方負担,0 ,弥生 33430X 売上伝票/請求書 (販売11形式) : 新シモムラ,A4単票 334402ﾀｲﾌﾟ (販売11形式) : シモムラ一括請求書ｖｒ2,×,,,,,,,,,,,,,表示する,2014年11月11日,,
548,株式会社ホセ貿易,ｶﾌﾞ ﾎｾﾎﾞｳｴｷ,㈱ホセ貿易,540-0029,大阪府大阪市中央区本町橋７－１７,トウセン本町橋ビル２０６号室,,,,御中,06-6947-7690,,,,E,清田　祐也E,掛売上,売上単価１,100.0 ,548,株式会社ホセ貿易,20,毎月20日締,切り捨て,切り捨て,外税/伝票計,0 ,0 ,201,振込,当座預金,翌月,10 ,当方負担,0 ,弥生 33430X 売上伝票/請求書 (販売11形式) : 新シモムラ,A4単票 334402ﾀｲﾌﾟ (販売11形式) : シモムラ一括請求書ｖｒ2,×,,,,,,,,,,,,,表示する,2014年11月11日,,
550,株式会社ブルボン,ｶﾌﾞｼｷｶﾞｲｼｬﾌﾞﾙﾎﾞﾝ,㈱ブルボン,9458611,新潟県柏崎市松波4丁目2番14号,,製造管理部　資材管理二課,課長代理,田澤貴子,様,0257-23-2333,,,,L,上村　茂L,掛売上,売上単価１,100.0 ,550,株式会社ブルボン,31,毎月末日締,切り捨て,切り捨て,外税/伝票計,0 ,0 ,000,,,翌月,31 ,当方負担,0 ,弥生 33430X 売上伝票/請求書 (販売11形式) : 新シモムラ,A4単票 334402ﾀｲﾌﾟ (販売11形式) : シモムラ一括請求書ｖｒ2,○,,,,,,,,,,,,,表示する,2015年05月16日,,
600,牧村株式会社,ﾏｷﾑﾗｶﾌﾞｼｷｶﾞｲｼｬ,牧村㈱,103-0001,東京都中央区日本橋小伝馬町１５－１　４階,,東京レディス国内営業部,,吉本,様,03-3662-2703,,,,B,板鼻健太郎B,掛売上,売上単価１,100.0 ,600,牧村株式会社,31,毎月末日締,切り捨て,切り捨て,外税/伝票計,0 ,0 ,000,,,翌月,31 ,当方負担,0 ,弥生 33430X 売上伝票/請求書 (販売11形式) : 新シモムラ,A4単票 334402ﾀｲﾌﾟ (販売11形式) : シモムラ一括請求書ｖｒ2,○,,,,,,,,,,,,,表示する,2015年01月09日,,
601,牧村株式会社,ﾏｷﾑﾗｶﾌﾞｼｷｶﾞｲｼｬ,牧村㈱,541-0053,大阪府大阪市中央区本町３－２－８,,メンズ部,課長,辻,様,06-6253-1256,,,,K,上村　茂K,掛売上,売上単価１,100.0 ,601,牧村株式会社,31,毎月末日締,切り捨て,切り捨て,外税/伝票計,0 ,0 ,201,振込,当座預金,翌月,31 ,当方負担,0 ,弥生 33430X 売上伝票/請求書 (販売11形式) : 新シモムラ,A4単票 334402ﾀｲﾌﾟ (販売11形式) : シモムラ一括請求書ｖｒ2,○,,,,,,,,,,,,,表示する,2014年12月16日,,
604,増井株式会社,ﾏｽｲｶﾌﾞｼｷｶﾞｲｼｬ,増井㈱,604-0903,京都市中京区河原町通夷川上る指物町328,増井ビル,,,,御中,075-213-7878,,,,B,板鼻健太郎B,掛売上,売上単価１,100.0 ,604,増井株式会社,31,毎月末日締,切り捨て,切り捨て,外税/伝票計,0 ,0 ,000,,,当月,0 ,当方負担,0 ,弥生 33430X 売上伝票/請求書 (販売11形式) : 新シモムラ,A4単票 334402ﾀｲﾌﾟ (販売11形式) : シモムラ一括請求書ｖｒ2,○,,,,,,,,,,,,,表示する,2015年04月01日,,
606,株式会社マルテキスタイル,(ｶﾌﾞ)ﾏﾙﾃｷｽﾀｲﾙ,㈱マルテキスタイル,153-0063,東京都目黒区目黒２－１１－８,バルビゾン４３  ３Ｆ,,,,御中,03-5436-7930,,,,B,板鼻健太郎B,掛売上,売上単価１,100.0 ,606,株式会社マルテキスタイル,31,毎月末日締,切り捨て,切り捨て,外税/伝票計,0 ,0 ,201,振込,当座預金,翌月,31 ,当方負担,0 ,弥生 33430X 売上伝票/請求書 (販売11形式) : 新シモムラ,A4単票 334402ﾀｲﾌﾟ (販売11形式) : シモムラ一括請求書ｖｒ2,×,,,,,,,,,,,,,表示する,2014年11月11日,,
607,牧村株式会社,ﾏｷﾑﾗ (ｶﾌﾞ),牧村㈱,541-0053,大阪府大阪市中央区本町３－２－８,,ユニフォーム部,,河野,様,06-6253-1255,,,,L,上村　茂L,掛売上,売上単価１,100.0 ,607,牧村株式会社,31,毎月末日締,切り捨て,切り捨て,外税/伝票計,0 ,"922,019 ",201,振込,当座預金,翌月,31 ,当方負担,0 ,弥生 33430X 売上伝票/請求書 (販売11形式) : 新シモムラ,A4単票 334402ﾀｲﾌﾟ (販売11形式) : シモムラ一括請求書ｖｒ2,×,,,,,,,,,,,,,表示する,2014年11月11日,,
609,丸紅テックス株式会社,ﾏﾙﾍﾞﾆﾃｯｸｽ(ｶﾌﾞ),丸紅テックス㈱,541-0053,大阪府大阪市中央区本町２－５－７,丸紅ビル１４階,営業第１事業部  テキスタイル１グループ,,,御中,06-6261-3511,,,,B,板鼻健太郎B,掛売上,売上単価１,100.0 ,609,丸紅テックス株式会社,15,毎月15日締,切り捨て,切り捨て,外税/伝票計,0 ,0 ,201,振込,当座預金,翌月,31 ,当方負担,0 ,弥生 33430X 売上伝票/請求書 (販売11形式) : 新シモムラ,A4単票 334402ﾀｲﾌﾟ (販売11形式) : シモムラ一括請求書ｖｒ2,×,,,,,,,,,,,,,表示する,2014年11月11日,,
610,丸茂商事株式会社,ﾏﾙﾓｼｮｳｼﾞｶﾌﾞｼｷｶﾞｲｼｬ,丸茂商事㈱,403-0016,山梨県富士吉田市松山1767-2,,,,,御中,0555-23-0011,0555-23-0012,,,B,板鼻健太郎B,掛売上,売上単価１,100.0 ,610,丸茂商事株式会社,31,毎月末日締,切り捨て,切り捨て,外税/伝票計,0 ,0 ,201,振込,当座預金,翌月,0 ,当方負担,0 ,弥生 33430X 売上伝票/請求書 (販売11形式) : 新シモムラ,A4単票 334402ﾀｲﾌﾟ (販売11形式) : シモムラ一括請求書ｖｒ2,○,,,,,,,,,,,,,表示する,2015年05月27日,,
616,丸紅株式会社,ﾏﾙﾍﾞﾆ (ｶﾌﾞ),丸紅株式会社,103-6060,東京都中央区日本橋二丁目7番1号,東京日本橋タワー,機能アパレル部ユニフォーム課,課長,田口,様,03-3282-9641,,,,L,上村　茂L,掛売上,売上単価１,100.0 ,616,丸紅株式会社,31,毎月末日締,切り捨て,切り捨て,外税/伝票計,0 ,0 ,201,振込,当座預金,翌月,31 ,当方負担,0 ,弥生 33430X 売上伝票/請求書 (販売11形式) : 新シモムラ,A4単票 334402ﾀｲﾌﾟ (販売11形式) : シモムラ一括請求書ｖｒ2,×,,,,,,,,,,,,2016/9/5移転,表示する,2016年08月31日,,
617,丸一繊維株式会社,ﾏﾙｲﾁｾﾝｲｶﾌﾞｼｷｶﾞｲｼｬ,丸一繊維㈱,941-0007,新潟県糸魚川市大和川1250番地,,,,,御中,025-552-3131,025-552-2474,,,,,掛売上,売上単価１,100.0 ,617,丸一繊維株式会社,31,毎月末日締,切り捨て,切り捨て,外税/伝票計,0 ,0 ,000,,,当月,0 ,当方負担,0 ,弥生 33430X 売上伝票/請求書 (販売11形式) : 新シモムラ,A4単票 334402ﾀｲﾌﾟ (販売11形式) : シモムラ一括請求書ｖｒ2,○,,,,,,,,,,,,,表示する,2015年06月03日,,
620,ミツワ産業株式会社,ﾐﾂﾜｻﾝｷﾞｮｳｶﾌﾞｼｷｶﾞｲｼｬ,ミツワ産業㈱,601-8126,京都市南区上鳥羽南花名町19番地,,,,,御中,075-692-4030,075-691-0138,,,B,板鼻健太郎B,掛売上,売上単価１,100.0 ,620,ミツワ産業株式会社,31,毎月末日締,切り捨て,切り捨て,外税/伝票計,0 ,0 ,000,,,当月,0 ,当方負担,0 ,弥生 33430X 売上伝票/請求書 (販売11形式) : 新シモムラ,A4単票 334402ﾀｲﾌﾟ (販売11形式) : シモムラ一括請求書ｖｒ2,○,,,,,,,,,,,,,表示する,2015年05月27日,,
623,見附染工株式会社,ﾐﾂｹｾﾝｺｳｶﾌﾞｼｷｶﾞｲｼｬ,見附染工㈱,954-0034,新潟県見附市月見台１丁目３番１号,,,,,御中,0258-62-5340,,,,K,上村　茂K,掛売上,売上単価１,100.0 ,623,見附染工株式会社,31,毎月末日締,切り捨て,切り捨て,外税/伝票計,0 ,0 ,000,,,翌月,0 ,当方負担,0 ,弥生 33430X 売上伝票/請求書 (販売11形式) : 新シモムラ,A4単票 334402ﾀｲﾌﾟ (販売11形式) : シモムラ一括請求書ｖｒ2,○,,,,,,,,,,,,,表示する,2014年12月03日,,
650,ミマス株式会社,ﾐﾏｽｶﾌﾞｼｷｶﾞｲｼｬ,ミマス㈱,519-0493,三重県度会郡玉城町佐田６２６,,,,,御中,,,,,B,板鼻健太郎B,掛売上,売上単価１,100.0 ,650,ミマス株式会社,31,毎月末日締,切り捨て,切り捨て,外税/伝票計,0 ,0 ,000,,,当月,0 ,当方負担,0 ,弥生 33430X 売上伝票/請求書 (販売11形式) : 新シモムラ,A4単票 334402ﾀｲﾌﾟ (販売11形式) : シモムラ一括請求書ｖｒ2,○,,,,,,,,,,,,,表示する,2015年05月27日,,
651,ミマス株式会社,ﾐﾏｽｶﾌﾞｼｷｶﾞｲｼｬ,ミマス㈱,541-0052,大阪府大阪市中央区安土町二丁目4番6号,,第三営業部,課長,森田　治樹,様,06-6261-2618,,,,K,上村　茂K,掛売上,売上単価１,100.0 ,651,ミマス株式会社,31,毎月末日締,切り捨て,切り捨て,外税/伝票計,0 ,"330,156 ",000,,,翌月,31 ,当方負担,0 ,弥生 33430X 売上伝票/請求書 (販売11形式) : 新シモムラ,A4単票 334402ﾀｲﾌﾟ (販売11形式) : シモムラ一括請求書ｖｒ2,○,,,,,,,,,,,,,表示する,2016年08月03日,,
661,モリリン株式会社本店,ﾓﾘﾘﾝ (ｶﾌﾞ),モリリン㈱本店,491-0859,愛知県一宮市本町４丁目２２－１０,,素材グループ  素材１部  衣料素材１課,,河合,様,0586-25-2171,,,,X,上村　茂X,掛売上,売上単価１,100.0 ,661,モリリン株式会社本店,31,毎月末日締,切り捨て,切り捨て,外税/伝票計,0 ,0 ,201,振込,当座預金,翌月,31 ,当方負担,0 ,弥生 33430X 売上伝票/請求書 (販売11形式) : 新シモムラ,A4単票 334402ﾀｲﾌﾟ (販売11形式) : シモムラ一括請求書ｖｒ2,×,,,,,,,,,,,,,表示する,2014年11月11日,,
662,株式会社森傳,(ｶﾌﾞ) ﾓﾘﾃﾞﾝ,㈱森傳,108-0073,東京都港区三田３丁目９番９号,,インテリア産業資材本部・東京業務課,,永野,様,03-3454-8211,,,,X,上村　茂X,掛売上,売上単価１,100.0 ,662,株式会社森傳,31,毎月末日締,切り捨て,切り捨て,外税/伝票計,0 ,"689,203 ",201,振込,当座預金,翌月,31 ,当方負担,0 ,弥生 33430X 売上伝票/請求書 (販売11形式) : 新シモムラ,A4単票 334402ﾀｲﾌﾟ (販売11形式) : シモムラ一括請求書ｖｒ2,×,,,,,,,,,,,,,表示する,2015年04月29日,,
665,株式会社森傳,0.ﾓﾘﾃﾞﾝｶﾌﾞｼｷｶﾞｲｼｬｶﾌﾞｼｷｶﾞｲｼｬ,株式会社森傳,550-0012,大阪府大阪市西区立売堀１－２－１２,本町平成ビル５Ｆ,インテリア産業資材本部,課長,井上,様,06-6541-1796,,,,X,上村　茂X,掛売上,売上単価１,100.0 ,665,株式会社森傳,31,毎月末日締,切り捨て,切り捨て,外税/伝票計,0 ,0 ,201,振込,当座預金,翌月,31 ,当方負担,0 ,弥生 33430X 売上伝票/請求書 (販売11形式) : 新シモムラ,A4単票 334402ﾀｲﾌﾟ (販売11形式) : シモムラ一括請求書ｖｒ2,×,,,,,,,,,,,,,表示する,2014年11月11日,,
670,三菱レイヨン株式会社,ﾐﾂﾋﾞｼﾚｲﾖﾝｶﾌﾞｼｷｶﾞｲｼｬ,三菱レイヨン株式会社,100-8253,東京都千代田区丸の内一丁目１番１号,パレスビル,繊維加工技術部 テキスタイル加工グループ,,山本,様,03-6748-7580,03-3286-1399,,,B,板鼻健太郎B,掛売上,売上単価１,100.0 ,670,三菱レイヨン株式会社,31,毎月末日締,切り捨て,切り捨て,外税/伝票計,0 ,"356,400 ",000,,,当月,0 ,当方負担,0 ,弥生 33430X 売上伝票/請求書 (販売11形式) : 新シモムラ,A4単票 334402ﾀｲﾌﾟ (販売11形式) : シモムラ一括請求書ｖｒ2,○,,,,,,,,,,,,,表示する,2016年07月23日,,
671,三菱レイヨン株式会社,ﾐﾂﾋﾞｼﾚｲﾖﾝｶﾌﾞｼｷｶﾞｲｼｬ,三菱レイヨン㈱,5306040,大阪府大阪市北区天満橋1-8-30 OAPﾀﾜｰ32F,,テキスタイル販売部ソアロン貿易Ｇ,,,御中,06-6881-6367,,,,E,清田　祐也E,掛売上,売上単価１,100.0 ,671,三菱レイヨン株式会社,31,毎月末日締,切り捨て,切り捨て,外税/伝票計,0 ,"102,060 ",000,,,翌月,31 ,当方負担,0 ,弥生 33430X 売上伝票/請求書 (販売11形式) : 新シモムラ,A4単票 334402ﾀｲﾌﾟ (販売11形式) : シモムラ一括請求書ｖｒ2,○,,,,,,,,,,,,,表示する,2016年08月23日,,
673,三菱レイヨン株式会社大阪支店,ﾐﾂﾋﾞｼﾚｲﾖﾝｶﾌﾞｼｷｶﾞｲｼｬｵｵｻｶｼﾃﾝ,三菱レイヨン株式会社大阪,5306040,大阪府大阪市北区天満橋1-8-30 OAPタワー,,繊維加工技術部 ﾃｷｽﾀｲﾙ加工ｸﾞﾙｰﾌﾟ,,山本,様,06-6881-6377,06-6881-6388,,,B,板鼻健太郎B,掛売上,売上単価１,100.0 ,673,三菱レイヨン株式会社大阪支店,31,毎月末日締,切り捨て,切り捨て,外税/伝票計,0 ,0 ,000,,,翌月,31 ,当方負担,0 ,弥生 33430X 売上伝票/請求書 (販売11形式) : 新シモムラ,A4単票 334402ﾀｲﾌﾟ (販売11形式) : シモムラ一括請求書ｖｒ2,○,,,,,,,,,,,,,表示する,2016年04月01日,,
678,港屋株式会社,ﾐﾅﾄﾔｶﾌﾞｼｷｶﾞｲｼｬ,港屋㈱,940-0224,新潟県長岡市東町４番５号,,,,,御中,0258-52-2169,,,,K,上村　茂K,掛売上,売上単価１,100.0 ,678,港屋株式会社,15,毎月15日締,切り捨て,切り捨て,外税/伝票計,0 ,0 ,000,,,当月,31 ,当方負担,0 ,弥生 33430X 売上伝票/請求書 (販売11形式) : 新シモムラ,A4単票 334402ﾀｲﾌﾟ (販売11形式) : シモムラ一括請求書ｖｒ2,○,,,,,,,,,,,,,表示する,2014年12月03日,,
711,株式会社ヤギ,ｶﾌﾞｼｷｶﾞｲｼｬﾔｷﾞ,㈱ヤギ,541-0056,大阪府大阪市中央区久太郎町2-2-8,,,,,御中,06-6266-8612,06-6271-1288,,,,,掛売上,売上単価１,100.0 ,711,株式会社ヤギ,31,毎月末日締,切り捨て,切り捨て,外税/伝票計,0 ,0 ,000,,,翌月,31 ,当方負担,0 ,弥生 33430X 売上伝票/請求書 (販売11形式) : 新シモムラ,A4単票 334402ﾀｲﾌﾟ (販売11形式) : シモムラ一括請求書ｖｒ2,○,,,,,,,,,,,,,表示する,2016年06月16日,,
712,株式会社ヤギコーポレーション,ｶﾌﾞﾔｷﾞｺｰﾎﾟﾚｰｼｮﾝ,㈱ヤギコーポレーション,920-8503,石川県金沢市問屋町２－８０,,プロダクトチーム,,筆,様,076-237-1291,,,,L,上村　茂L,掛売上,売上単価１,100.0 ,712,株式会社ヤギコーポレーション,20,毎月20日締,切り捨て,切り捨て,外税/伝票計,0 ,"3,342,374 ",201,振込,当座預金,翌月,31 ,当方負担,0 ,弥生 33430X 売上伝票/請求書 (販売11形式) : 新シモムラ,A4単票 334402ﾀｲﾌﾟ (販売11形式) : シモムラ一括請求書ｖｒ2,×,,,,,,,,,,,,,表示する,2014年11月11日,,
713,株式会社ヤギ　福井支店,ｶﾌﾞｼｷｶﾞｲｼｬﾔｷﾞ ﾌｸｲｼﾃﾝ,㈱ヤギ　福井支店,910-0023,福井県福井市順化一丁目8番10号,福井県繊維卸商協会ビル3階,,,,様,0776-21-3615,,,,B,板鼻健太郎B,掛売上,売上単価１,100.0 ,713,株式会社ヤギ　福井支店,31,毎月末日締,切り捨て,切り捨て,外税/伝票計,0 ,0 ,000,,,当月,0 ,当方負担,0 ,弥生 33430X 売上伝票/請求書 (販売11形式) : 新シモムラ,A4単票 334402ﾀｲﾌﾟ (販売11形式) : シモムラ一括請求書ｖｒ2,○,,,,,,,,,,,,,表示する,2015年05月27日,,
720,株式会社安井,ｶﾌﾞ ﾔｽｲ,㈱安井,103-0012,東京都中央区日本橋堀留町１ー３－２１,,,部長,内田,様,,,,,L,上村　茂L,掛売上,売上単価１,100.0 ,720,株式会社安井,31,毎月末日締,切り捨て,切り捨て,外税/伝票計,0 ,"715,324 ",201,振込,当座預金,翌月,31 ,当方負担,0 ,弥生 33430X 売上伝票/請求書 (販売11形式) : 新シモムラ,A4単票 334402ﾀｲﾌﾟ (販売11形式) : シモムラ一括請求書ｖｒ2,×,,,,,,,,,,,,,表示する,2014年12月03日,,
721,山甚撚糸株式会社,ﾔﾏｼﾞﾝﾈﾝｼｶﾌﾞｼｷｶﾞｲｼｬ,山甚撚糸㈱,910-2339,福井県福井市薬師町２３－２２,,,,,御中,0776-90-3006,0776-90-1058,,,E,清田　祐也E,掛売上,売上単価１,100.0 ,721,山甚撚糸株式会社,31,毎月末日締,切り捨て,切り捨て,外税/伝票計,0 ,"531,253 ",000,,,当月,0 ,当方負担,0 ,弥生 33430X 売上伝票/請求書 (販売11形式) : 新シモムラ,A4単票 334402ﾀｲﾌﾟ (販売11形式) : シモムラ一括請求書ｖｒ2,○,,,,,,,,,,,,,表示する,2015年02月02日,,
752,ユニチカトレーディング株式会社,ﾕﾆﾁｶﾄﾚｰﾃﾞｨﾝｸﾞｶﾌﾞｼｷｶﾞｲｼｬ,ユニチカトレーディング㈱,541-0053,大阪府大阪市中央区本町二丁目5番7号,,,,,御中,06-4705-9083,06-4705-9084,,,B,板鼻健太郎B,掛売上,売上単価１,100.0 ,752,ユニチカトレーディング株式会社,31,毎月末日締,切り捨て,切り捨て,外税/伝票計,0 ,0 ,000,,,当月,0 ,当方負担,0 ,弥生 33430X 売上伝票/請求書 (販売11形式) : 新シモムラ,A4単票 334402ﾀｲﾌﾟ (販売11形式) : シモムラ一括請求書ｖｒ2,○,,,,,,,,,,,,,表示する,2016年05月06日,,
753,ユニコム有限会社,ﾕﾆｺﾑﾕｳｹﾞﾝｶﾞｲｼｬ,ユニコム㈲,101-0047,東京都千代田区内神田3-4-12,トーハン第７ビル２Ｆ,,,,御中,03-5298-5266,,,,E,清田　祐也E,掛売上,売上単価１,100.0 ,753,ユニコム有限会社,31,毎月末日締,切り捨て,切り捨て,外税/伝票計,0 ,"2,361,463 ",000,,,翌月,31 ,当方負担,0 ,弥生 33430X 売上伝票/請求書 (販売11形式) : 新シモムラ,A4単票 334402ﾀｲﾌﾟ (販売11形式) : シモムラ一括請求書ｖｒ2,○,,,,,,,,,,,,,表示する,2016年05月23日,,
801,株式会社アンファミエ,ｶﾌﾞｱﾝﾌｧﾐｴ,㈱アンファミエ,550-0014,大阪府大阪市西区北堀江１－１－１８,四ツ橋イーストビル６Ｆ,生産部,,尾崎,様,06-7633-9339,06-6532-6411,,,L,上村　茂L,掛売上,売上単価１,100.0 ,801,株式会社アンファミエ,31,毎月末日締,切り捨て,切り捨て,外税/伝票計,0 ,"2,275,441 ",201,振込,当座預金,翌月,31 ,当方負担,0 ,弥生 33430X 売上伝票/請求書 (販売11形式) : 新シモムラ,A4単票 334402ﾀｲﾌﾟ (販売11形式) : シモムラ一括請求書ｖｒ2,×,,,,,,,,,,,,,表示する,2015年12月24日,,
831,菱光サイジング株式会社,ﾘｮｳｺｳｻｲｼﾞﾝｸﾞｶﾌﾞｼｷｶﾞｲｼｬ,菱光サイジング㈱,919-0628,福井県あわら市大溝１－２３－５,,,,,御中,0776-73-0371,,,,B,板鼻健太郎B,掛売上,売上単価１,100.0 ,831,菱光サイジング株式会社,31,毎月末日締,四捨五入,切り捨て,外税/伝票計,0 ,0 ,000,,,当月,0 ,当方負担,0 ,弥生 33430X 売上伝票/請求書 (販売11形式) : 新シモムラ,A4単票 334402ﾀｲﾌﾟ (販売11形式) : シモムラ一括請求書ｖｒ2,○,,,,,,,,,,,,,表示する,2015年05月27日,,
841,ロザーヌテキスタイル株式会社,ﾛｻﾞｰﾇﾃｷｽﾀｲﾙｶﾌﾞｼｷｶﾞｲｼｬ,ロザーヌテキスタイル㈱,940-0234,新潟県長岡市栃尾泉２２３番地,,,,,御中,0258-52-1166,,,,B,板鼻健太郎B,掛売上,売上単価１,100.0 ,841,ロザーヌテキスタイル株式会社,31,毎月末日締,切り捨て,切り捨て,外税/伝票計,0 ,"562,277 ",000,,,当月,0 ,当方負担,0 ,弥生 33430X 売上伝票/請求書 (販売11形式) : 新シモムラ,A4単票 334402ﾀｲﾌﾟ (販売11形式) : シモムラ一括請求書ｖｒ2,○,,,,,,,,,,,,,表示する,2015年05月27日,,
990,ＬＥＡＤ　ＹＯＵＮＧ,LEAD YOUNG,LEAD YOUNG,,"5F-1 NO.410 NAN KING WEST RD. TAIPEI,TAI",,,,,様,02-2552-2699,,,,E,清田　祐也E,掛売上,売上単価１,100.0 ,990,ＬＥＡＤ　ＹＯＵＮＧ,31,毎月末日締,切り捨て,切り捨て,輸出(免税),0 ,0 ,000,,,翌月,31 ,当方負担,0 ,弥生 33430X 売上伝票/請求書 (販売11形式) : 新シモムラ,A4単票 334402ﾀｲﾌﾟ (販売11形式) : シモムラ一括請求書ｖｒ2,○,,,,,,,,,,,,,表示する,2015年09月05日,,
991,ＭＯＤＡ　ＪＡＣＫ　ＴＥＸＴＩＬＥ,"MODA JACK TEXTILE CO.,LTD",MODA JACK,,ＮＯ．２１１，ＮＡＮＫＩＮＧ　Ｗ．ＲＤ．,,,,,御中,25560119,,,,E,清田　祐也E,掛売上,売上単価１,100.0 ,991,ＭＯＤＡ　ＪＡＣＫ　ＴＥＸＴＩＬＥ,31,毎月末日締,切り捨て,切り捨て,輸出(免税),0 ,0 ,201,振込,当座預金,当月,31 ,当方負担,0 ,弥生 33430X 売上伝票/請求書 (販売11形式) : 新シモムラ,A4単票 334402ﾀｲﾌﾟ (販売11形式) : シモムラ一括請求書ｖｒ2,○,,,,,,,,,,,,,表示する,2014年10月31日,,
992,ＬＩ  ＳＨＥＮＧ  ＴＥＸＴＩＬＥ,"LI SHENG TEXTILE CO.,LTD.",ＬＩ ＳＨＥＮＧ ＴＥＸＴ,,ＮＡＮ－ＫＩＮＧ  Ｗ．ＲＤ．，,ＴＡＩＰＥＩ，ＴＡＩＷＡＮ，Ｒ．Ｏ．Ｃ．,,,,御中,02-2552-1141,,,,E,清田　祐也E,掛売上,売上単価１,100.0 ,992,ＬＩ  ＳＨＥＮＧ  ＴＥＸＴＩＬＥ,31,毎月末日締,切り捨て,切り捨て,輸出(免税),0 ,"1,502,439 ",201,振込,当座預金,翌月,31 ,当方負担,0 ,弥生 33430X 売上伝票/請求書 (販売11形式) : 新シモムラ,A4単票 334402ﾀｲﾌﾟ (販売11形式) : シモムラ一括請求書ｖｒ2,×,,,,,,,,,,,,,表示する,2014年10月31日,,
993,"LI SHENG TEXTILE CO.,LTD.","LI SHENG TEXTILE CO.,LTD.","LI SHENG TEXTILE CO.,LTD",,"NAN-KING W.RD.,","TAIPEI, TAIWAN,R.O.C",,,,御中,02-2552-1141,,,,E,清田　祐也E,掛売上,売上単価１,100.0 ,993,"LI SHENG TEXTILE CO.,LTD.",31,毎月末日締,切り捨て,切り捨て,輸出(免税),0 ,"-4,000,348 ",201,振込,当座預金,翌月,31 ,当方負担,0 ,弥生 33430X 売上伝票/請求書 (販売11形式) : 新シモムラ,A4単票 334402ﾀｲﾌﾟ (販売11形式) : シモムラ一括請求書ｖｒ2,×,,,,,,,,,,,,,表示する,2015年11月10日,,
994,"SAMAZE CO.,LTD.","SAMAZE CO.,LTD.","SAMAZE CO.,LTD.",,"GUANGZHOU,CHINA",,,,,御中,,,,,E,清田　祐也E,掛売上,売上単価１,100.0 ,994,"SAMAZE CO.,LTD.",31,毎月末日締,切り捨て,切り捨て,輸出(免税),0 ,"37,816 ",000,,,翌月,31 ,当方負担,0 ,弥生 33430X 売上伝票/請求書 (販売11形式) : 新シモムラ,A4単票 334402ﾀｲﾌﾟ (販売11形式) : シモムラ一括請求書ｖｒ2,○,,,,,,,,,,,,,表示する,2016年07月12日,,
IND,鈴倉インダストリー株式会社,ｽｽﾞｸﾗｲﾝﾀﾞｽﾄﾘｰｶﾌﾞｼｷｶﾞｲｼｬ,鈴倉インダストリー㈱,940-0135,新潟県長岡市金沢３－１－１,,,,,御中,0258-52-4101,0258-53-6249,,,,,掛売上,売上単価１,100.0 ,IND,鈴倉インダストリー株式会社,31,毎月末日締,切り捨て,切り捨て,外税/伝票計,0 ,0 ,000,,,翌月,0 ,当方負担,0 ,弥生 33430X 売上伝票/請求書 (販売11形式) : 新シモムラ,A4単票 334402ﾀｲﾌﾟ (販売11形式) : シモムラ一括請求書ｖｒ2,○,,,,,,,,,,,,,表示する,2015年12月22日,,
SFN,株式会社ソフィーナ原工場,ｶﾌﾞｼｷｶﾞｲｼｬｿﾌｨｰﾅﾊﾗｺｳｼﾞｮｳ,株式会社ソフィーナ原工場,940-0134,新潟県長岡市栃尾原町5丁目3番35号,,,,,御中,0258-52-5521,0258-89-8039,,,,,掛売上,売上単価１,100.0 ,SFN,株式会社ソフィーナ原工場,31,毎月末日締,切り捨て,切り捨て,外税/伝票計,0 ,0 ,201,振込,当座預金,翌月,20 ,当方負担,0 ,弥生 33430X 売上伝票/請求書 (販売11形式) : 新シモムラ,A4単票 334402ﾀｲﾌﾟ (販売11形式) : シモムラ一括請求書ｖｒ2,○,,,,,,,,,,,,,表示する,2015年06月30日,,
SFNB,株式会社ソフィーナ原工場B,ｶﾌﾞｼｷｶﾞｲｼｬｿﾌｨｰﾅﾊﾗｺｳｼﾞｮｳ,株式会社ソフィーナ原工場,940-0134,新潟県長岡市栃尾原町5丁目3番35号,,,,,御中,0258-52-5521,0258-89-8039,,,,,掛売上,売上単価１,100.0 ,SFNB,株式会社ソフィーナ原工場B,31,毎月末日締,切り捨て,切り捨て,外税/伝票計,0 ,"3,629,134 ",501,その他,相殺,翌々月,31 ,当方負担,0 ,弥生 33430X 売上伝票/請求書 (販売11形式) : 新シモムラ,A4単票 334402ﾀｲﾌﾟ (販売11形式) : シモムラ一括請求書ｖｒ2,○,,,,,,,,,,,,,表示する,2015年09月10日,,
SMM,株式会社シモムラ本社,ｶﾌﾞｼｷｶﾞｲｼｬｼﾓﾑﾗﾎﾝｼｬ,株式会社シモムラ本社,923-0852,石川県小松市南浅井町イ１０１番地５,,,,,御中,0761-21-2011,0761-21-2099,,http://simomura.jp/,,,掛売上,売上単価１,100.0 ,SMM,株式会社シモムラ本社,31,毎月末日締,切り捨て,切り捨て,外税/伝票計,0 ,0 ,000,,,翌月,20 ,当方負担,0 ,弥生 33430X 売上伝票/請求書 (販売11形式) : 新シモムラ,A4単票 334402ﾀｲﾌﾟ (販売11形式) : Ａ4請求明細（ｼﾓﾑﾗ用）,○,,,,,,,,,,,,,表示する,2015年04月16日,,
SNI,社内処理用,ｼｬﾅｲｼｮﾘﾖｳ,社内処理用,,,,,,,様,,,,,,,掛売上,売上単価１,100.0 ,SNI,社内処理用,00,,切り捨て,切り捨て,外税/伝票計,0 ,0 ,000,,,当月,0 ,当方負担,0 ,弥生 33430X 売上伝票/請求書 (販売11形式) : 新シモムラ,A4単票 334402ﾀｲﾌﾟ (販売11形式) : シモムラ一括請求書ｖｒ2,○,,,,,,,,,,,,,表示する,2015年01月16日,,
SNIB,社内処理用(板鼻B),ｼｬﾅｲｼｮﾘﾖｳ(ｲﾀﾊﾅB),社内処理用(板鼻B),,,,,,,様,,,,,B,板鼻健太郎B,掛売上,売上単価１,100.0 ,SNIB,社内処理用(板鼻B),31,毎月末日締,切り捨て,切り捨て,外税/伝票計,0 ,0 ,000,,,当月,0 ,当方負担,0 ,弥生 33430X 売上伝票/請求書 (販売11形式) : 新シモムラ,A4単票 334402ﾀｲﾌﾟ (販売11形式) : シモムラ一括請求書ｖｒ2,○,,,,,,,,,,,,,表示する,2016年04月27日,,
SNIE,社内処理用(清田E),ｼｬﾅｲｼｮﾘﾖｳ(ｾｲﾀﾞE),社内処理用(清田E),,,,,,,,,,,,E,清田　祐也E,掛売上,売上単価１,100.0 ,SNIE,社内処理用(清田E),31,毎月末日締,切り捨て,切り捨て,外税/伝票計,0 ,0 ,000,,,当月,0 ,当方負担,0 ,弥生 33430X 売上伝票/請求書 (販売11形式) : 新シモムラ,A4単票 334402ﾀｲﾌﾟ (販売11形式) : シモムラ一括請求書ｖｒ2,○,,,,,,,,,,,,,表示する,2016年04月27日,,
SNIK,社内処理用(上村K),ｼｬﾅｲｼｮﾘﾖｳ(ｶﾐﾑﾗK),社内処理用(上村K),,,,,,,様,,,,,K,上村　茂K,掛売上,売上単価１,100.0 ,SNIK,社内処理用(上村K),31,毎月末日締,切り捨て,切り捨て,外税/伝票計,0 ,0 ,000,,,当月,0 ,当方負担,0 ,弥生 33430X 売上伝票/請求書 (販売11形式) : 新シモムラ,A4単票 334402ﾀｲﾌﾟ (販売11形式) : シモムラ一括請求書ｖｒ2,○,,,,,,,,,,,,,表示する,2016年04月27日,,
SNIL,社内処理用(上村L),ｼｬﾅｲｼｮﾘﾖｳ(ｶﾐﾑﾗL),社内処理用(上村L),,,,,,,様,,,,,L,上村　茂L,掛売上,売上単価１,100.0 ,SNIL,社内処理用(上村L),31,毎月末日締,切り捨て,切り捨て,外税/伝票計,0 ,0 ,000,,,当月,0 ,当方負担,0 ,弥生 33430X 売上伝票/請求書 (販売11形式) : 新シモムラ,A4単票 334402ﾀｲﾌﾟ (販売11形式) : シモムラ一括請求書ｖｒ2,○,,,,,,,,,,,,,表示する,2016年04月27日,,
SNIP,社内処理用(板鼻P),ｼｬﾅｲｼｮﾘﾖｳ(ｲﾀﾊﾅP),社内処理用(板鼻P),,,,,,,様,,,,,P,板鼻健太郎P,掛売上,売上単価１,100.0 ,SNIP,社内処理用(板鼻P),31,毎月末日締,切り捨て,切り捨て,外税/伝票計,0 ,0 ,000,,,当月,0 ,当方負担,0 ,弥生 33430X 売上伝票/請求書 (販売11形式) : 新シモムラ,A4単票 334402ﾀｲﾌﾟ (販売11形式) : シモムラ一括請求書ｖｒ2,○,,,,,,,,,,,,,表示する,2016年04月27日,,
SNIX,社内処理用(上村X),ｼｬﾅｲｼｮﾘﾖｳ(ｶﾐﾑﾗX),社内処理用(上村X),,,,,,,様,,,,,X,上村　茂X,掛売上,売上単価１,100.0 ,SNIX,社内処理用(上村X),31,毎月末日締,切り捨て,切り捨て,外税/伝票計,0 ,0 ,000,,,当月,0 ,当方負担,0 ,弥生 33430X 売上伝票/請求書 (販売11形式) : 新シモムラ,A4単票 334402ﾀｲﾌﾟ (販売11形式) : シモムラ一括請求書ｖｒ2,○,,,,,,,,,,,,,表示する,2016年04月27日,,
SPN,パーン売用,ﾊﾟｰﾝｳﾘﾖｳ,パーン売用,,,,,,,様,,,,,,,掛売上,上代,100.0 ,SPN,パーン売用,31,毎月末日締,切り捨て,切り捨て,外税/伝票計,0 ,0 ,000,,,当月,0 ,当方負担,0 ,弥生 33430X 売上伝票/請求書 (販売11形式) : 新シモムラ,A4単票 334402ﾀｲﾌﾟ (販売11形式) : Ａ4請求明細（ｼﾓﾑﾗ用）,○,,,,,,,,,,,,,表示する,2015年05月27日,,
